name,BDE_min_kJmol,BDE_mean_kJmol,BDE_bond_type_of_min,BDE_weak_bond_count,BDE_source,spin_tax_correction_kJmol,oxygen_radical_flag,ZPE_scaling_factor,radical_stability_score,BDE_min_bond_length_A
HCOOH+,92.9,261.28014428084396,C-H,1,literature,0.0,True,1.0,5.0,
C2H5+,378.1,378.1,C-H,5,literature,0.0,False,1.0,0.0,
C4H7+,404.93208264609825,469.44359276743035,C-H,0,xtb_corrected,-15.4,False,1.0,3.0,1.089641061143388
C6H7+,320.9,320.90000000000003,C-H,7,literature,0.0,False,1.0,3.0,
CD,338.8,338.8,C-H,1,literature,0.0,False,1.0,0.0,
CH,337.6,337.6,C-H,1,literature,0.0,False,1.0,0.0,
CH+,394.1,394.1,C-H,0,literature,0.0,False,1.0,0.0,
CCH,468.6,468.6,C-H,0,literature,0.0,False,1.0,2.0,
C2H+,514.3,514.3,C-H,0,literature,0.0,False,1.0,2.0,
CH2,417.85,417.85,C-H,0,literature,0.0,False,1.0,0.0,
CH2+,442.6,442.6,C-H,0,literature,0.0,False,1.0,0.0,
C2H2,551.2,551.2,C-H,0,literature,0.0,False,1.0,2.0,
C2H2+,574.8,574.8,C-H,0,literature,0.0,False,1.0,2.0,
C2HO+,510.2,510.2,C-H,0,literature,0.0,True,1.0,4.0,
HCCP,479.1321135350112,479.1321135350112,C-H,0,xtb_corrected,-15.4,False,1.0,2.0,1.07645087208256
HC2N+,429.4,429.4,C-H,0,literature,0.0,False,1.0,2.0,
c-C3H,715.0,715.0,C-H,0,literature,0.0,False,1.0,3.0,
C3H+,683.1222047425149,683.1222047425149,C-H,0,xtb_corrected,-15.4,False,1.0,2.0,1.0634853786308587
CH3,439.3,439.3,C-H,0,literature,0.0,False,1.0,0.0,
CH3+,650.5100709933707,650.5100709933707,C-H,0,xtb_corrected,-15.4,False,1.0,0.0,1.082549619193557
HNCO,458.6,458.6,N-H,0,literature,0.0,False,1.0,2.0,
HOCO,-34.545016048250545,-34.545016048250545,O-H,1,xtb_corrected,-15.4,True,1.0,0.0,0.9778064811163462
H2CCN,394.1,394.1,C-H,0,literature,0.0,False,1.0,2.0,
CH2CN+,543.1922724450551,543.1922724529323,C-H,0,xtb_corrected,-15.4,False,1.0,0.0,1.0809052149865734
H2CCO,360.2,360.2,C-H,2,literature,0.0,False,1.0,2.0,
H2CCO+,570.7557052277647,570.7557052277647,C-H,0,xtb_corrected,-15.4,False,1.0,2.0,1.0815294923279384
C2H3,418.4,418.3999999999999,C-H,0,literature,0.0,False,1.0,2.0,
C2H3+,418.4,418.3999999999999,C-H,0,literature,0.0,False,1.0,2.0,
C2N2H+,607.4013213938357,607.4013213938357,N-H,0,xtb_corrected,-15.4,False,1.0,2.0,1.0271123999398373
t-C3H2,543.0,543.0,C-H,0,literature,0.0,False,1.0,2.0,
c-C3H2,497.0,497.0,C-H,0,literature,0.0,False,1.0,3.0,
c-C3H2+,508.21503158248834,508.31897979562746,C-H,0,xtb_corrected,-15.4,False,1.0,1.0,1.0823413951375556
HC3N+,551.0,551.0,C-H,0,literature,0.0,False,1.0,2.0,
C4H,529.5792624015701,529.5792624015701,C-H,0,xtb_corrected,-15.4,False,1.0,2.0,1.0654818151580394
C4H-,514.224057816569,514.224057816569,C-H,0,xtb_corrected,-15.4,False,1.0,2.0,1.0654818151580394
C4H+,644.0278700840703,644.0278700840703,C-H,0,xtb_corrected,-15.4,False,1.0,2.0,1.0654816346254112
CH2NH+,202.44213764843929,288.24975349573634,C-H,2,xtb_corrected,-15.4,False,1.0,1.0,1.0872673001150972
HCOOH,484.2441413094021,535.622070654701,O-H,0,xtb_corrected,-15.4,True,1.0,0.0,0.9802180996200653
CH2OH,162.68840686652945,322.42946895550983,O-H,1,xtb_corrected,-15.4,True,1.0,0.0,0.9741227936638613
CH2PH,508.02193635995036,508.02193635995036,C-H,0,xtb_corrected,-15.4,False,1.0,2.0,1.0996056886523329
CH2NH,470.2593325594729,489.4374378629894,N-H,0,xtb_corrected,-15.4,False,1.0,2.0,1.0267118361738845
CH3O,126.42860021961525,126.42860021961525,C-H,3,xtb_corrected,-15.4,True,1.0,1.0,1.1032644949344772
CH2SH,386.6,386.6,C-H,0,literature,0.0,False,1.0,1.0,
CH4,439.3,439.3,C-H,0,literature,0.0,False,1.0,0.0,
CH3CN,489.73420591522034,489.73420591522034,C-H,0,xtb_corrected,-15.4,False,1.0,0.0,1.094039768888072
CH3CN+,385.9169773722921,385.9169773740426,C-H,0,xtb_corrected,-15.4,False,1.0,0.0,1.0938743039808794
CH2CHO,138.82972039728043,316.79340490269567,C-H,1,xtb_corrected,-15.4,True,1.0,4.0,1.092099982467845
CH3CO+,356.0,356.0,C-H,3,literature,0.0,False,1.0,0.0,
C2H4,464.0,464.0,C-H,0,literature,0.0,False,1.0,2.0,
C2H4+,461.1,461.1,C-H,0,literature,0.0,False,1.0,0.0,
HC3NH+,631.8,647.6852056326147,N-H,0,literature,0.0,False,1.0,2.0,
HCCCHO,385.0,385.0,C-H,0,literature,0.0,False,1.0,2.0,
c-C3H2O,472.0,472.0,C-H,0,literature,0.0,False,1.0,3.0,
CH2CCH,393.0,393.0,C-H,0,literature,0.0,False,1.0,2.0,
c-C3H3+,427.0,427.0,C-H,0,literature,0.0,False,1.0,3.0,
C4H2,539.0,539.0,C-H,0,literature,0.0,False,1.0,2.0,
C4H2+,627.8848745517328,627.8877400316221,C-H,0,xtb_corrected,-15.4,False,1.0,2.0,1.0648240560333901
C5H,427.0,427.0,C-H,0,literature,0.0,False,1.0,2.0,
C5H-,365.1738778887912,365.1738778887912,C-H,1,xtb_corrected,-15.4,False,1.0,2.0,1.0655965041158029
C5H+,662.4473994263228,662.4473994263228,C-H,0,xtb_corrected,-15.4,False,1.0,2.0,1.0655962514998576
CH2NH2,342.3314699175289,380.16573495876446,C-H,2,xtb_corrected,-15.4,False,1.0,1.0,1.0864897090883843
CH3CO,362.0,362.0,C-H,3,literature,0.0,False,1.0,0.0,
CH3CS+,445.42878910935815,445.42878910935815,C-H,0,xtb_corrected,-15.4,False,1.0,0.0,1.0939859145560173
CH3NH,388.0,408.86192780364433,C-H,0,literature,0.0,False,1.0,1.0,
CH3O2+,545.3620166338355,571.2268705570731,C-H,0,xtb_corrected,-15.4,True,1.0,5.0,1.0999965174493496
CH3SH,401.0,401.0,C-H,0,literature,0.0,False,1.0,1.0,
CH2NH2+,535.3256140766719,555.6811899413343,N-H,0,xtb_corrected,-15.4,False,1.0,0.0,1.0192653481215364
CH3OH,437.0,483.0096207287919,O-H,0,literature,0.0,True,1.0,0.0,
CH3NCO,377.0,377.0,C-H,3,literature,0.0,False,1.0,1.0,
CH3NCO+,335.0,335.0,C-H,3,literature,0.0,False,1.0,1.0,
CH3CNH+,505.2604972589696,542.4903783553751,C-H,0,xtb_corrected,-15.4,False,1.0,0.0,1.093931680316579
CH3CHO,372.0,372.0,C-H,4,literature,0.0,False,1.0,0.0,
C2H4O+,461.0,461.0,C-H,0,literature,0.0,False,1.0,0.0,
C2H5,420.5,420.5,C-H,0,literature,0.0,False,1.0,0.0,
C3H2CN,449.3382531194826,449.3382531194826,C-H,0,xtb_corrected,-15.4,False,1.0,2.0,1.083935410709732
CH2CHCN,390.0,390.0,C-H,0,literature,0.0,False,1.0,2.0,
C3H3N+,311.8638722831675,346.5071970515324,C-H,3,xtb_corrected,-15.4,False,1.0,1.0,1.0827552312172652
CH2CCH2,381.6,381.6,C-H,0,literature,0.0,False,1.0,2.0,
CH3CCH,416.0,416.0,C-H,0,literature,0.0,False,1.0,2.0,
C3H4+,436.0,436.0,C-H,0,literature,0.0,False,1.0,2.0,
C4H3,364.0,364.0,C-H,3,literature,0.0,False,1.0,2.0,
C4H3+,472.738412026662,534.7211110994292,C-H,0,xtb_corrected,-15.4,False,1.0,2.0,1.0833704806563214
C4N2H+,592.2476474215559,592.2476474215559,N-H,0,xtb_corrected,-15.4,False,1.0,2.0,1.0191940837974565
C5H2,531.0,531.0,C-H,0,literature,0.0,False,1.0,0.0,
C5H2+,349.6491527398098,349.6491527398098,C-H,2,xtb_corrected,-15.4,False,1.0,2.0,1.0843354752402794
HC5N+,561.49,561.49,C-H,0,literature,0.0,False,1.0,2.0,
C6H,405.0,405.0,C-H,0,literature,0.0,False,1.0,2.0,
C6H-,495.4684206179665,495.4684206179665,C-H,0,xtb_corrected,-15.4,False,1.0,2.0,1.0652239016529217
C6H+,680.8339936275333,680.8339936275333,C-H,0,xtb_corrected,-15.4,False,1.0,2.0,1.0652240465015836
CH3CHS,392.43929035553185,412.1142468215298,C-H,0,xtb_corrected,-15.4,False,1.0,0.0,1.0930317144585535
CH3SH2+,397.0,397.0,C-H,0,literature,0.0,False,1.0,1.0,
CH3NH2,388.0,435.55250693406504,C-H,0,literature,0.0,False,1.0,1.0,
CH3OH2+,397.0,438.53681820785596,C-H,0,literature,0.0,True,1.0,1.0,
C2H3NH2,392.0,419.2746505799153,C-H,0,literature,0.0,False,1.0,2.0,
CH3NCOH+,460.4801940910393,496.1227750049437,N-H,0,xtb_corrected,-15.4,False,1.0,1.0,1.0132907452970177
CH3CHOH+,381.53643825729085,423.16596398185845,C-H,0,xtb_corrected,-15.4,True,1.0,2.0,1.1012270662314176
C2H6,423.0,423.0,C-H,0,literature,0.0,False,1.0,0.0,
C3H3NH+,460.14657788932374,559.9481477688961,C-H,0,xtb_corrected,-15.4,False,1.0,3.0,1.0850564197247192
C2H3CHO,402.9213287656746,493.8053821387783,C-H,0,xtb_corrected,-15.4,True,1.0,4.0,1.1025752669425721
C3H5,422.584,422.584,C-H,0,literature,0.0,False,1.0,0.0,
C3H5+,367.53868885894485,367.54020525795084,C-H,5,xtb_corrected,-15.4,False,1.0,2.0,1.0854101145073365
C4H2CN,132.94822358814642,261.3830846245063,C-H,1,xtb_corrected,-15.4,False,1.0,3.0,1.0841177039748398
C4H4,381.5808,381.5808,C-H,0,literature,0.0,False,1.0,2.0,
C4H4+,264.0752584159208,342.6268403524469,C-H,3,xtb_corrected,-15.4,False,1.0,3.0,1.0858581811198773
HC5NH+,610.7048135032207,610.7048135032207,C-H,0,xtb_corrected,-15.4,False,1.0,2.0,1.0652324268420104
C5H3,443.37307212628707,458.57084998970623,C-H,0,xtb_corrected,-15.4,False,1.0,2.0,1.0838022200448356
C5H3+,460.2956333004255,523.2065371618102,C-H,0,xtb_corrected,-15.4,False,1.0,2.0,1.083802120244516
C6H2,530.5312,530.5312,C-H,0,literature,0.0,False,1.0,2.0,
C6H2+,625.7408124946074,625.7410483275189,C-H,0,xtb_corrected,-15.4,False,1.0,2.0,1.0649323128285553
C7H,457.3279484748996,457.3279484748996,C-H,0,xtb_corrected,-15.4,False,1.0,2.0,1.0652615822159262
C7H-,390.40677916402257,390.40677916402257,C-H,0,xtb_corrected,-15.4,False,1.0,2.0,1.065261909842005
C7H+,651.840677588603,651.840677588603,C-H,0,xtb_corrected,-15.4,False,1.0,2.0,1.0652618701564214
CH3C3N,453.5889428179725,453.5889428188478,C-H,0,xtb_corrected,-15.4,False,1.0,0.0,1.0941568520092368
CH3CHSH+,425.3236676397083,445.96485229155945,C-H,0,xtb_corrected,-15.4,False,1.0,0.0,1.0940333145430245
CH3COCN,491.98380410101436,491.98380410364007,C-H,0,xtb_corrected,-15.4,False,1.0,0.0,1.093801665588662
CH3OCH2,292.6383349644487,317.8795048775326,C-H,5,xtb_corrected,-15.4,True,1.0,1.0,1.0938643251583142
CH3NH3+,495.6796950598007,524.1583564141829,N-H,0,xtb_corrected,-15.4,False,1.0,0.0,1.028514642892826
COOCH4+,146.17547719483994,223.15726576514157,O-H,4,xtb_corrected,-15.4,True,1.0,0.0,0.9801988898055747
CH3CH2OH,395.8064,416.451189779242,C-H,0,literature,0.0,False,1.0,0.0,
CH3CHCH2,454.87968366892625,500.77436027360613,C-H,0,xtb_corrected,-15.4,False,1.0,0.0,1.0942468574031132
C3H6+,244.40802754537205,281.14982376321444,C-H,6,xtb_corrected,-15.4,False,1.0,1.0,1.0848289218664413
H3C4NH+,453.88686525792133,485.5576798704526,C-H,0,xtb_corrected,-15.4,False,1.0,0.0,1.0941648205112149
C4H5,224.5547487353691,321.04373111908967,C-H,3,xtb_corrected,-15.4,False,1.0,0.0,1.0940574235034404
C4H5+,400.1556286409748,432.8568622691666,C-H,0,xtb_corrected,-15.4,False,1.0,0.0,1.0941547223144916
C5H3N+,272.7036720764209,272.7036720772962,C-H,3,xtb_corrected,-15.4,False,1.0,0.0,1.0941608324587768
C5H4+,353.9007374003637,353.90271224238955,C-H,4,xtb_corrected,-15.4,False,1.0,0.0,1.0829291662179128
C6H3+,434.3903369120762,504.89528179337077,C-H,0,xtb_corrected,-15.4,False,1.0,2.0,1.0838243840638657
C7H2,385.7789570952239,385.7789570952239,C-H,0,xtb_corrected,-15.4,False,1.0,0.0,1.083221586213565
C7H2+,335.125417944099,335.125417944099,C-H,2,xtb_corrected,-15.4,False,1.0,2.0,1.0840110629739075
HC7N+,627.2317426323498,627.2317426323498,C-H,0,xtb_corrected,-15.4,False,1.0,2.0,1.0650744455096715
C8H,554.5361098612563,554.5361098612563,C-H,0,xtb_corrected,-15.4,False,1.0,2.0,1.0650728767824507
C8H-,493.48010231504725,493.48010231504725,C-H,0,xtb_corrected,-15.4,False,1.0,2.0,1.0650728767824507
C8H+,633.5004584419331,633.5004584419331,C-H,0,xtb_corrected,-15.4,False,1.0,2.0,1.0650728795077091
CH3C4H,447.67515085704997,487.12253737412664,C-H,0,xtb_corrected,-15.4,False,1.0,0.0,1.0941632241888184
CH3OCH3,496.9399359734779,496.93996526618076,C-H,0,xtb_corrected,-15.4,True,1.0,1.0,1.0943144681047472
CH3OCH3+,225.92298715507798,225.92328421990132,C-H,6,xtb_corrected,-15.4,True,1.0,1.0,1.094314469616523
C2H5OH2+,449.93131114139965,505.14684008410757,O-H,0,xtb_corrected,-15.4,True,1.0,0.0,0.9915192460170257
CH3COCH3,497.2745995370258,497.2745995427149,C-H,0,xtb_corrected,-15.4,False,1.0,0.0,1.0935218824861157
C2H6CO+,170.8162974177023,170.8200790605663,C-H,6,xtb_corrected,-15.4,False,1.0,0.0,1.0935218824861157
C3H5CN,411.8493618107882,491.1915769387398,C-H,0,xtb_corrected,-15.4,False,1.0,1.0,1.095809193769184
C2H5CHO,358.5888,358.5888,C-H,6,literature,0.0,False,1.0,0.0,
C3H7,135.5872923401766,232.95601912934737,C-H,5,xtb_corrected,-15.4,False,1.0,0.0,1.0953548203222203
C3H7+,450.40535846193734,527.9423439265781,C-H,0,xtb_corrected,-15.4,False,1.0,1.0,1.0953195223049337
CH2CHCHCH2,477.47660549457635,528.503650951087,C-H,0,xtb_corrected,-15.4,False,1.0,3.0,1.0880712133943722
C4H6+,270.7182880506774,306.8853097660758,C-H,6,xtb_corrected,-15.4,False,1.0,1.0,1.0884724948487008
C5H4N+,400.672522869141,410.2132030332217,C-H,0,xtb_corrected,-15.4,False,1.0,0.0,1.0941491823894705
C5H5,285.4305368313514,393.73128775765736,C-H,3,xtb_corrected,-15.4,False,1.0,3.0,1.0882050923781694
C5H5+,326.69032585574337,398.8892164226008,C-H,3,xtb_corrected,-15.4,False,1.0,0.0,1.0941631462928856
C6H4+,325.98207374039316,325.98211377532937,C-H,4,xtb_corrected,-15.4,False,1.0,2.0,1.0837748592419163
C7H2N+,521.1841554311002,578.6849410969046,N-H,0,xtb_corrected,-15.4,False,1.0,2.0,1.018798022008564
C7H3+,430.0735392371111,497.01848413518184,C-H,0,xtb_corrected,-15.4,False,1.0,2.0,1.0838529166535642
C8H2,591.013853563214,591.0209653220139,C-H,0,xtb_corrected,-15.4,False,1.0,2.0,1.0649592882832053
C8H2+,616.1343014414427,616.1350894997092,C-H,0,xtb_corrected,-15.4,False,1.0,2.0,1.0649591522783683
C9H,470.8922964669493,470.8922964669493,C-H,0,xtb_corrected,-15.4,False,1.0,2.0,1.0651599457661638
C9H-,410.093156385674,410.093156385674,C-H,0,xtb_corrected,-15.4,False,1.0,2.0,1.065160124392301
C9H+,642.1166442851419,642.1166442851419,C-H,0,xtb_corrected,-15.4,False,1.0,2.0,1.065160048245774
CH3C5N,438.2491475812805,438.2491475812805,C-H,0,xtb_corrected,-15.4,False,1.0,0.0,1.0941586366586407
CH3OCH4+,443.8269247046862,528.8137152922134,O-H,0,xtb_corrected,-15.4,True,1.0,1.0,0.9919652238003049
C10H,545.0229867850181,545.0229867850181,C-H,0,xtb_corrected,-15.4,False,1.0,2.0,1.065024628725407
C10H-,494.7834953087229,494.7834953087229,C-H,0,xtb_corrected,-15.4,False,1.0,2.0,1.065024628725407
C10H+,597.4690931499917,597.4690931499917,C-H,0,xtb_corrected,-15.4,False,1.0,2.0,1.0650246450363794
C3H6OH+,486.0077841616504,490.88706336954994,C-H,0,xtb_corrected,-15.4,False,1.0,0.0,1.0930193318905477
C3H8,508.15525658769354,525.3923419146719,C-H,0,xtb_corrected,-15.4,False,1.0,1.0,1.0956315771014256
C4H7,405.0944,405.0944,C-H,0,literature,0.0,False,1.0,2.0,
C5H6,427.39270344821483,484.0665104302058,C-H,0,xtb_corrected,-15.4,False,1.0,0.0,1.0942597679999095
H3C6NH+,432.0452480336721,455.5150963500541,C-H,0,xtb_corrected,-15.4,False,1.0,0.0,1.0941617853099104
c-C6H5,385.7737791838931,396.1541439387124,C-H,0,xtb_corrected,-15.4,False,1.0,3.0,1.0858303294805591
C6H5+,465.9,465.9,C-H,0,literature,0.0,False,1.0,3.0,
H3C7N+,291.3652138545006,291.3652140041534,C-H,3,xtb_corrected,-15.4,False,1.0,0.0,1.0941610167967724
C7H4,419.8672,419.8672,C-H,0,literature,0.0,False,1.0,2.0,
C7H4+,345.2859323758623,345.2860531652773,C-H,4,xtb_corrected,-15.4,False,1.0,0.0,1.0830515484038343
C8H3+,411.52521093302533,485.88470027181864,C-H,0,xtb_corrected,-15.4,False,1.0,2.0,1.0838518634374386
C9H2,547.6848,547.6848,C-H,0,literature,0.0,False,1.0,0.0,
C9H2+,329.64653838572775,329.64653838966865,C-H,2,xtb_corrected,-15.4,False,1.0,2.0,1.0839229339849452
C9HN+,618.2569915478734,618.2569915478734,C-H,0,xtb_corrected,-15.4,False,1.0,2.0,1.065024735815939
CH3C6H,434.92243256207223,474.2361501850096,C-H,0,xtb_corrected,-15.4,False,1.0,0.0,1.0941617635698084
C10H2,588.0637461372407,588.0637784965321,C-H,0,xtb_corrected,-15.4,False,1.0,2.0,1.0649688789365046
C10H2+,607.9310042933515,612.8555953910684,C-H,0,xtb_corrected,-15.4,False,1.0,2.0,1.0649687323141643
C4H8,412.124,412.124,C-H,0,literature,0.0,False,1.0,2.0,
C4H8+,239.55825901260684,317.0098324970693,C-H,8,xtb_corrected,-15.4,False,1.0,1.0,1.0960418319642111
C6H6,472.6136,472.6136000000001,C-H,0,literature,0.0,False,1.0,3.0,
C7H5+,404.60310291722817,409.5066443049885,C-H,0,xtb_corrected,-15.4,False,1.0,0.0,1.094162018955103
C8H4+,325.2939018586258,325.2957822128444,C-H,4,xtb_corrected,-15.4,False,1.0,0.0,1.0830559511988036
C9H2N+,484.34200794036764,557.4779877073544,N-H,0,xtb_corrected,-15.4,False,1.0,2.0,1.0188124785620116
C9H3+,337.31307696957157,337.3130769713252,C-H,3,xtb_corrected,-15.4,False,1.0,0.0,1.0941600976369659
CH3C7N,429.7044467044095,429.7044467087873,C-H,0,xtb_corrected,-15.4,False,1.0,0.0,1.0941601528013203
C4H9,387.8768,387.8768,C-H,0,literature,0.0,False,1.0,0.0,
C4H9+,424.18254170966037,529.1839015120703,C-H,0,xtb_corrected,-15.4,False,1.0,1.0,1.095949141728815
C5H8,427.99525129525546,486.25979375190235,C-H,0,xtb_corrected,-15.4,False,1.0,0.0,1.0942668995632039
C8H4N+,420.74992234854165,437.3196124434962,C-H,0,xtb_corrected,-15.4,False,1.0,0.0,1.0941614552627628
C8H5+,387.5303208384143,399.63594134237167,C-H,0,xtb_corrected,-15.4,False,1.0,0.0,1.0941616455115262
C9H3N+,304.4227077404107,304.42270776229026,C-H,3,xtb_corrected,-15.4,False,1.0,0.0,1.094161056226844
C9H4+,339.0734645772682,408.28186307137867,C-H,3,xtb_corrected,-15.4,False,1.0,0.0,1.094161407435397
C4H10,508.0141484942109,521.0567704648454,C-H,0,xtb_corrected,-15.4,False,1.0,1.0,1.0962573754378242
C5H9,394.1328,394.1328,C-H,0,literature,0.0,False,1.0,2.0,
C5H9+,361.57297391781447,432.61378824829353,C-H,2,xtb_corrected,-15.4,False,1.0,1.0,1.0960010817213741
C6H8,321.7,321.7,C-H,8,literature,0.0,False,1.0,2.0,
C9H5+,399.0489791176064,399.21746548453257,C-H,0,xtb_corrected,-15.4,False,1.0,0.0,1.094161534196808
C5H10,430.8590870255152,506.91177724015336,C-H,0,xtb_corrected,-15.4,False,1.0,1.0,1.0966143078044168
C5H11,413.0,413.0,C-H,0,literature,0.0,False,1.0,0.0,
C5H12,413.0,413.0,C-H,0,literature,0.0,False,1.0,0.0,
C6H12,413.0,413.0,C-H,0,literature,0.0,False,1.0,2.0,
C6H13,399.572,399.57200000000006,C-H,0,literature,0.0,False,1.0,0.0,
C6H14,413.0,413.0,C-H,0,literature,0.0,False,1.0,0.0,
C14H10,422.584,422.584,C-H,0,literature,0.0,False,1.0,3.0,
C14H10+,422.584,422.584,C-H,0,literature,0.0,False,1.0,3.0,
H2O,497.8968,497.8968,O-H,0,literature,0.0,True,1.0,0.0,
H2O+,497.8968,497.8968,O-H,0,literature,0.0,True,1.0,0.0,
HCN,518.0,518.0,C-H,0,literature,0.0,False,1.0,3.0,
HCN+,544.1561262140372,544.1561262140372,C-H,0,xtb_corrected,-15.4,False,1.0,3.0,1.0649998097081506
HCO,360.0,360.0,C-H,1,literature,0.0,True,1.0,3.0,
HCO+,587.0208,587.0208,C-H,0,literature,0.0,True,1.0,3.0,
HCP,558.4070609264766,558.4070609264766,C-H,0,xtb_corrected,-15.4,False,1.0,2.0,1.061288930837939
HCP+,575.5874321830651,575.5874321830651,C-H,0,xtb_corrected,-15.4,False,1.0,2.0,1.0658846354158216
HCS,206.2704,206.2704,C-H,1,literature,0.0,False,1.0,3.0,
HCS+,206.2704,206.2704,C-H,1,literature,0.0,False,1.0,3.0,
HNC,459.824,459.824,N-H,0,literature,0.0,False,1.0,2.0,
HNC+,517.0,517.0,N-H,0,literature,0.0,False,1.0,2.0,
HNO,328.8973469118961,328.8973469118961,N-H,1,xtb_corrected,-15.4,True,1.0,3.0,1.0188568491733843
HNO+,265.36388880858175,265.36388880858175,N-H,1,xtb_corrected,-15.4,True,1.0,3.0,1.0188568491733843
HNS+,319.4761960222094,319.4761960222094,N-H,1,xtb_corrected,-15.4,False,1.0,3.0,1.025999999411064
H2CN,140.94574209864925,140.94574209864925,C-H,2,xtb_corrected,-15.4,False,1.0,3.0,1.098585131998977
H2CO,363.5888,363.5888,C-H,2,literature,0.0,True,1.0,3.0,
H2CO+,195.91894739113212,195.91894739113212,C-H,2,xtb_corrected,-15.4,True,1.0,3.0,1.1016993026204223
H2CS,413.0,413.0,C-H,0,literature,0.0,False,1.0,3.0,
H2CS+,289.98929520403726,289.98929520403726,C-H,2,xtb_corrected,-15.4,False,1.0,3.0,1.102120420847802
H2NC+,434.32,434.32,N-H,0,literature,0.0,False,1.0,0.0,
H2NO+,446.2376673979446,446.2376673979446,N-H,0,xtb_corrected,-15.4,True,1.0,1.0,1.0189999517000694
HOOH,513.7912836080841,513.7918736695183,O-H,0,xtb_corrected,-15.4,True,1.0,1.0,0.9760738038803358
H3O+,497.8968,497.8968,O-H,0,literature,0.0,True,1.0,0.0,
HC2N,460.0,460.0,C-H,0,literature,0.0,False,1.0,2.0,
HC2O,404.5928,404.5928,C-H,0,literature,0.0,False,1.0,2.0,
HC2S+,613.3299296708723,613.3299296708723,C-H,0,xtb_corrected,-15.4,False,1.0,2.0,1.0641531802132869
l-C3H,413.0,413.0,C-H,0,literature,0.0,False,1.0,2.0,
HCNH+,660.0,684.5110014805201,N-H,0,literature,0.0,False,1.0,2.0,
HCNO,292.88,292.88,C-H,1,literature,0.0,False,1.0,3.0,
HCNO+,695.8248479655745,695.8248479655745,C-H,0,xtb_corrected,-15.4,False,1.0,3.0,1.0626861583788643
HCNS,459.10825001700005,459.10825001700005,C-H,0,xtb_corrected,-15.4,False,1.0,3.0,1.0640738188500265
HOCO+,708.0434915585399,708.0434915585399,O-H,0,xtb_corrected,-15.4,True,1.0,0.0,0.9778065545881741
HDCO,363.5888,363.5888,C-H,2,literature,0.0,True,1.0,3.0,
HNCO+,458.56,458.56,N-H,0,literature,0.0,False,1.0,2.0,
HNCS,460.24,460.24,N-H,0,literature,0.0,False,1.0,2.0,
HNCS+,534.2913495200422,534.2913495200422,N-H,0,xtb_corrected,-15.4,False,1.0,2.0,1.024767589214417
HOCN,460.24,460.24,O-H,0,literature,0.0,True,1.0,0.0,
HOCN+,569.0285463366463,569.0285463366463,O-H,0,xtb_corrected,-15.4,True,1.0,0.0,0.9727472635700498
HOCS+,460.24,460.24,O-H,0,literature,0.0,True,1.0,0.0,
HONC,460.24,460.24,O-H,0,literature,0.0,True,1.0,1.0,
HONC+,460.24,460.24,O-H,0,literature,0.0,True,1.0,1.0,
HSO2+,460.24,460.24,O-H,0,literature,0.0,True,1.0,3.0,
l-C3H2,382.8356,382.8356,C-H,0,literature,0.0,False,1.0,0.0,
l-C3H2+,411.7092443420782,411.7092443420782,C-H,0,xtb_corrected,-15.4,False,1.0,2.0,1.0822728385406295
H2CCS,411.8489084735825,411.8489084735825,C-H,0,xtb_corrected,-15.4,False,1.0,2.0,1.0828852986495783
H2CSH+,397.48,397.48,C-H,0,literature,0.0,False,1.0,1.0,
H2COH+,436.0,461.44317655401136,C-H,0,literature,0.0,True,1.0,1.0,
HCCNC,484.7,484.7,C-H,0,literature,0.0,False,1.0,2.0,
HC3N,518.0,518.0,C-H,0,literature,0.0,False,1.0,2.0,
HC3O,404.5928,404.5928,C-H,0,literature,0.0,False,1.0,2.0,
HC3O+,684.2849205213837,684.2849205213837,C-H,0,xtb_corrected,-15.4,False,1.0,2.0,1.0646922908438368
HC3S+,655.8380304081444,655.8380304081444,C-H,0,xtb_corrected,-15.4,False,1.0,2.0,1.0625980782598234
HCNCC,455.02866898443295,455.02866898443295,C-H,0,xtb_corrected,-15.4,False,1.0,3.0,1.0656138212474726
HCOCN,400.75295295336804,400.75295295336804,C-H,0,xtb_corrected,-15.4,True,1.0,4.0,1.1008331258936033
HNCCC,631.79,631.79,N-H,0,literature,0.0,False,1.0,2.0,
HOCHN,465.8988417257146,486.88166568982666,O-H,0,xtb_corrected,-15.4,True,1.0,0.0,0.9674157048909885
H2C3O+,280.1795702172141,280.1795712739762,C-H,2,xtb_corrected,-15.4,False,1.0,2.0,1.0844650995912517
l-C3H3+,516.0078316848095,568.0043470797197,C-H,0,xtb_corrected,-15.4,False,1.0,0.0,1.082947906273052
HC2NCH+,663.2029037179956,666.2979566564312,C-H,0,xtb_corrected,-15.4,False,1.0,2.0,1.064496623947468
HC4N,427.0,427.0,C-H,0,literature,0.0,False,1.0,2.0,
HC4N+,460.0,460.0,C-H,0,literature,0.0,False,1.0,2.0,
HC4O+,614.8911414426598,614.8911414426598,C-H,0,xtb_corrected,-15.4,False,1.0,2.0,1.06544488686415
HC4S+,599.0796648258789,599.0796648258789,C-H,0,xtb_corrected,-15.4,False,1.0,2.0,1.0653281550369122
H2C4N+,479.58845227287196,479.58845227287196,C-H,0,xtb_corrected,-15.4,False,1.0,2.0,1.084361205041816
C2H3CO+,458.5313381059416,557.300923996101,C-H,0,xtb_corrected,-15.4,True,1.0,4.0,1.1011592851871979
H3C4N+,339.29563366525446,339.29563367225643,C-H,3,xtb_corrected,-15.4,False,1.0,0.0,1.094156917146359
HC6N,484.0049150699337,484.0049150699337,C-H,0,xtb_corrected,-15.4,False,1.0,2.0,1.0649972075361283
HC6N+,555.9468116345581,555.9468116345581,C-H,0,xtb_corrected,-15.4,False,1.0,2.0,1.0649972075361283
HCOOCH3,487.21284084867096,493.4528988971458,C-H,0,xtb_corrected,-15.4,True,1.0,5.0,1.1010626811634316
H5C2O2+,90.2679731873349,217.96329580165653,C-H,4,xtb_corrected,-15.4,True,1.0,5.0,1.1010626811634316
H5C3O+,321.6140697600791,367.9523244730998,C-H,4,xtb_corrected,-15.4,False,1.0,3.0,1.085902160849269
HC7N,569.02,569.02,C-H,0,literature,0.0,False,1.0,2.0,
HC8N,489.764130503054,489.764130503054,C-H,0,xtb_corrected,-15.4,False,1.0,2.0,1.0649868832022764
HC8N+,547.0833727761362,547.0833727761362,C-H,0,xtb_corrected,-15.4,False,1.0,2.0,1.0649868832022764
HC9N,574.89,574.89,C-H,0,literature,0.0,False,1.0,2.0,
HC10N+,542.1905419160823,542.1905419160823,C-H,0,xtb_corrected,-15.4,False,1.0,2.0,1.0649832140724536
ND,331.8,331.8,N-H,1,literature,0.0,False,1.0,0.0,
NH,331.8,331.8,N-H,1,literature,0.0,False,1.0,0.0,
NH+,331.8,331.8,N-H,1,literature,0.0,False,1.0,0.0,
N2H,376.56,376.56,N-H,1,literature,0.0,False,1.0,3.0,
NH2,416.304,416.304,N-H,0,literature,0.0,False,1.0,0.0,
NH2+,443.0,443.0,N-H,0,literature,0.0,False,1.0,0.0,
NHD,397.0,397.0,N-H,0,literature,0.0,False,1.0,0.0,
N2H2,349.0,349.0,N-H,2,literature,0.0,False,1.0,3.0,
NH3,435.0,435.0,N-H,0,literature,0.0,False,1.0,0.0,
NH3+,443.93,443.93,N-H,0,literature,0.0,False,1.0,0.0,
NH2CN,418.0,418.0,N-H,0,literature,0.0,False,1.0,0.0,
NH4+,444.0,444.0,N-H,0,literature,0.0,False,1.0,0.0,
N2H4,391.0,391.0,N-H,0,literature,0.0,False,1.0,1.0,
NH2CDO,395.0,449.7642070703323,N-H,0,literature,0.0,False,1.0,2.0,
NH2CNH+,409.0,409.0,N-H,0,literature,0.0,False,1.0,0.0,
NH2CHS,390.0,424.35612365063844,N-H,0,literature,0.0,False,1.0,2.0,
trans-NHDCHO,467.30434577566416,488.2871977197282,O-H,0,xtb_corrected,-15.4,True,1.0,0.0,0.972729858956054
NH2CH2O,463.7830898574804,486.3476147622385,C-H,0,xtb_corrected,-15.4,True,1.0,3.0,1.0935457065393548
NH2CH2O+,542.0378254368953,570.1756142300328,C-H,0,xtb_corrected,-15.4,True,1.0,5.0,1.0948436773349581
NH2CH2SH,428.45476109363733,455.02860069254893,C-H,0,xtb_corrected,-15.4,False,1.0,3.0,1.0939223839490142
OH,497.8968,497.8968,O-H,0,literature,0.0,True,1.0,0.0,
OH-,560.2229669580919,560.2229669580919,O-H,0,xtb_corrected,-15.4,True,1.0,0.0,0.9778077529315133
OH+,897.0915624733219,897.0915624733219,O-H,0,xtb_corrected,-15.4,True,1.0,0.0,0.9778077529315133
O2H,362.7528,362.7528,O-H,1,literature,0.0,True,1.0,1.0,
HO2+,463.8876822081635,463.8876822081635,O-H,0,xtb_corrected,-15.4,True,1.0,1.0,0.9813415830996787
PC2H+,553.6936487522795,553.6936487522795,C-H,0,xtb_corrected,-15.4,False,1.0,2.0,1.07645087208256
PCH2+,506.5780156395592,506.5780156395592,C-H,0,xtb_corrected,-15.4,False,1.0,0.0,1.0848183577749713
PNH2+,289.7321516703954,289.7321516703954,N-H,2,xtb_corrected,-15.4,False,1.0,0.0,1.0456149629832618
PC2H2+,418.4648421081758,418.4648421081758,C-H,0,xtb_corrected,-15.4,False,1.0,0.0,1.0854054157666595
PC3H+,613.0671071334731,613.0671071334731,C-H,0,xtb_corrected,-15.4,False,1.0,2.0,1.0595770858023044
PCH3+,291.06027570834925,291.06027570834925,C-H,3,xtb_corrected,-15.4,False,1.0,0.0,1.1041714023789366
PNH3+,197.6057918662807,197.6057918662807,N-H,3,xtb_corrected,-15.4,False,1.0,0.0,1.0534413690772875
PC2H3+,249.89097183194676,395.84208723188226,C-H,1,xtb_corrected,-15.4,False,1.0,3.0,1.0827243256866308
PC4H+,546.7915299439774,546.7915299439774,C-H,0,xtb_corrected,-15.4,False,1.0,2.0,1.0590600474989158
PCH4+,292.99110215390175,292.99110215390175,C-H,3,xtb_corrected,-15.4,False,1.0,0.0,1.0934879501534944
PC2H4+,397.9412116484616,415.87815344509283,C-H,0,xtb_corrected,-15.4,False,1.0,1.0,1.0680471351173324
PC4H2+,408.2346539007451,408.2346539007451,C-H,0,xtb_corrected,-15.4,False,1.0,2.0,1.0762861268483577
CH3S,397.48,397.48,C-H,0,literature,0.0,False,1.0,1.0,
C2H5N+,133.18411719382902,334.3945272922209,C-H,2,xtb_corrected,-15.4,False,1.0,4.0,1.102876748327841
C3H5N+,449.4305140716533,464.76128605788347,C-H,0,xtb_corrected,-15.4,False,1.0,0.0,1.0914102425046877
C5H4,408.5618828595704,408.56188469479486,C-H,0,xtb_corrected,-15.4,False,1.0,2.0,1.0836945881241469
C6N2H+,479.4218257712859,479.4218257712859,N-H,0,xtb_corrected,-15.4,False,1.0,0.0,1.026093180113757
C3H5NH+,471.35564747159106,508.1400841691034,N-H,0,xtb_corrected,-15.4,False,1.0,0.0,1.0286230675204322
C4H5N+,422.5933379149496,503.7969950472806,N-H,0,xtb_corrected,-15.4,False,1.0,1.0,1.0283640174261375
C6H4,449.8341555010931,540.889659594194,C-H,0,xtb_corrected,-15.4,False,1.0,3.0,1.0859700123176426
C7H3,340.698678745417,340.69867902897136,C-H,3,xtb_corrected,-15.4,False,1.0,0.0,1.0941586649226946
C4H5NH+,458.7440257047756,476.42928724836685,N-H,0,xtb_corrected,-15.4,False,1.0,0.0,1.0287693107577145
C5H5N+,496.70814718738234,555.8436455346737,N-H,0,xtb_corrected,-15.4,False,1.0,3.0,1.0210346073971477
C5H7,427.9952512663724,487.8963282473756,C-H,0,xtb_corrected,-15.4,False,1.0,0.0,1.0942670320108812
C5H7+,381.27904677930667,468.45760326750616,C-H,0,xtb_corrected,-15.4,False,1.0,1.0,1.0958138710831142
C8H4,434.2516916662344,534.5150476959482,C-H,0,xtb_corrected,-15.4,False,1.0,3.0,1.0860123457875106
C9H3,342.28804495093146,342.2880449526851,C-H,3,xtb_corrected,-15.4,False,1.0,0.0,1.0941601684401177
C6H7,321.7,321.7,C-H,8,literature,0.0,False,1.0,3.0,
HCOCHO,373.30243654569455,373.30244407825444,C-H,2,xtb_corrected,-15.4,True,1.0,4.0,1.1006362733314163
c-C3H2OH+,64.96590544080226,231.12605811960344,O-H,1,xtb_corrected,-15.4,True,1.0,0.0,0.9731289250009852
HC5O+,130.33790501416902,373.64863743447637,C-H,1,xtb_corrected,-15.4,True,1.0,4.0,1.101266644041109
HC7O+,139.86790257798302,378.28844843682083,C-H,1,xtb_corrected,-15.4,True,1.0,4.0,1.1012728862909236
HC9O+,150.28740073796334,379.90946641534924,C-H,1,xtb_corrected,-15.4,True,1.0,4.0,1.1012740025669676
