name,smiles,source,detected_in_ism,molecular_charge,net_formal_charge,Exact_MW,Heavy_Atom_Count,Num_H_Donors,Num_H_Acceptors,Num_Rotatable_Bonds,Num_Aromatic_Rings,has_oxygen
HCOOH+,O=C[OH+],"KIDA,UMIST",TRUE,positive,1,46.004930724089995,3,0,1,0,0,TRUE
C2H5+,[CH2+]C,"KIDA,UMIST",TRUE,positive,1,29.03857658,2,0,0,0,0,FALSE
C4H7+,[CH2+]C=CC,"KIDA,UMIST",TRUE,positive,1,55.054226644089994,4,0,0,0,0,FALSE
C6H7+,C1=C[CH+]CC=C1,"KIDA,UMIST",TRUE,positive,1,79.05422664,6,0,0,0,0,FALSE
CD,[2H][C],KIDA,TRUE,neutral,0,14.01410178,1,0,0,0,0,FALSE
CH,[CH],KIDA,TRUE,neutral,0,13.00782503,1,0,0,0,0,FALSE
CH+,[CH+],KIDA,TRUE,positive,1,13.00727645,1,0,0,0,0,FALSE
CCH,[C]#C,KIDA,TRUE,neutral,0,25.00782503,2,0,0,0,0,FALSE
C2H+,[C+]#C,KIDA,TRUE,positive,1,25.00727645,2,0,0,0,0,FALSE
CH2,[CH2],KIDA,TRUE,neutral,0,14.015650063999999,1,0,0,0,0,FALSE
CH2+,[CH2+],KIDA,TRUE,positive,1,14.01510148,1,0,0,0,0,FALSE
C2H2,C#C,KIDA,TRUE,neutral,0,26.01565006,2,0,0,0,0,FALSE
C2H2+,[CH]=[CH+],KIDA,TRUE,positive,1,26.01510148,2,0,0,0,0,FALSE
C2HO+,[C+]=C[O],KIDA,TRUE,positive,1,41.00219107,3,0,0,0,0,TRUE
HCCP,[CH+]=C=[P-],KIDA,TRUE,neutral,0,55.98158666,3,0,0,0,0,FALSE
HC2N+,[CH+]=C=[N],KIDA,TRUE,positive,1,39.01035045,3,0,0,0,0,FALSE
c-C3H,[C]1=C=C1,KIDA,TRUE,neutral,0,37.00782503,3,0,0,0,0,FALSE
C3H+,[C+]C#C,KIDA,TRUE,positive,1,37.00727645,3,0,0,0,0,FALSE
CH3,[CH3],KIDA,TRUE,neutral,0,15.0234751,1,0,0,0,0,FALSE
CH3+,[CH3+],KIDA,TRUE,positive,1,15.022926516090001,1,0,0,0,0,FALSE
HNCO,N=C=O,KIDA,TRUE,neutral,0,43.00581365,3,1,2,0,0,TRUE
HOCO,O=[C]O,KIDA,TRUE,neutral,0,44.99765427,3,1,1,0,0,TRUE
H2CCN,C=C=[N],KIDA,TRUE,neutral,0,40.01872406,3,0,0,0,0,FALSE
CH2CN+,[CH2+]C#N,KIDA,TRUE,positive,1,40.01817548,3,0,1,0,0,FALSE
H2CCO,C=C=O,KIDA,TRUE,neutral,0,42.01056468,3,0,1,0,0,TRUE
H2CCO+,C=C=[O+],KIDA,TRUE,positive,1,42.0100161,3,0,1,0,0,TRUE
C2H3,[CH]=C,KIDA,TRUE,neutral,0,27.0234751,2,0,0,0,0,FALSE
C2H3+,[CH+]=C,KIDA,TRUE,positive,1,27.02292652,2,0,0,0,0,FALSE
C2N2H+,N#C[C+]=N,KIDA,TRUE,positive,1,53.01342445208999,4,1,2,0,0,FALSE
t-C3H2,[CH+]=C=[CH-],KIDA,TRUE,neutral,0,38.01565006,3,0,0,0,0,FALSE
c-C3H2,C1=CC=1,KIDA,TRUE,neutral,0,38.01565006,3,0,0,0,0,FALSE
c-C3H2+,[c]1c[cH+]1,KIDA,TRUE,positive,1,38.015101484089996,3,0,0,0,1,FALSE
HC3N+,[CH+]=[C]C#N,KIDA,TRUE,positive,1,51.010350452089995,4,0,1,0,0,FALSE
C4H,[C]#CC#C,KIDA,TRUE,neutral,0,49.00782503,4,0,0,0,0,FALSE
C4H-,[C-]#CC#C,KIDA,TRUE,negative,-1,49.00837361,4,0,0,0,0,FALSE
C4H+,[C+]#CC#C,KIDA,TRUE,positive,1,49.00727645,4,0,0,0,0,FALSE
CH2NH+,[CH2+][NH],KIDA,TRUE,positive,1,29.02600052,2,0,0,0,0,FALSE
HCOOH,O=CO,KIDA,TRUE,neutral,0,46.0054793,3,1,1,0,0,TRUE
CH2OH,[CH2]O,KIDA,TRUE,neutral,0,31.018389715999998,2,1,1,0,0,TRUE
CH2PH,C=P,KIDA,TRUE,neutral,0,45.99723673,2,0,0,0,0,FALSE
CH2NH,C=N,KIDA,TRUE,neutral,0,29.026549095999997,2,1,1,0,0,FALSE
CH3O,C[O],KIDA,TRUE,neutral,0,31.018389715999998,2,0,0,0,0,TRUE
CH2SH,[CH2]S,KIDA,TRUE,neutral,0,46.9955461,2,1,1,0,0,FALSE
CH4,C,KIDA,TRUE,neutral,0,16.031300127999998,1,0,0,0,0,FALSE
CH3CN,CC#N,KIDA,TRUE,neutral,0,41.0265491,3,0,1,0,0,FALSE
CH3CN+,C[C+]=[N],KIDA,TRUE,positive,1,41.02600052,3,0,0,0,0,FALSE
CH2CHO,C=C[O],KIDA,TRUE,neutral,0,43.01838972,3,0,0,0,0,TRUE
CH3CO+,CC#[O+],KIDA,TRUE,positive,1,43.01784114,3,0,0,0,0,TRUE
C2H4,C=C,KIDA,TRUE,neutral,0,28.031300127999998,2,0,0,0,0,FALSE
C2H4+,[CH+]C,KIDA,TRUE,positive,1,28.030751548090002,2,0,0,0,0,FALSE
HC3NH+,C#C[C+]=N,KIDA,TRUE,positive,1,52.018175484089994,4,1,1,0,0,FALSE
HCCCHO,C#CC=O,KIDA,TRUE,neutral,0,54.01056468,4,0,1,0,0,TRUE
c-C3H2O,O=c1cc1,KIDA,TRUE,neutral,0,54.01056468,4,0,1,0,1,TRUE
CH2CCH,C#C[CH2],KIDA,TRUE,neutral,0,39.0234751,3,0,0,0,0,FALSE
c-C3H3+,c1c[cH+]1,KIDA,TRUE,positive,1,39.022926516089996,3,0,0,0,1,FALSE
C4H2,C#CC#C,KIDA,TRUE,neutral,0,50.01565006,4,0,0,0,0,FALSE
C4H2+,C#C[C]=[CH+],KIDA,TRUE,positive,1,50.015101484089996,4,0,0,0,0,FALSE
C5H,[C-]#C[C]=C=[CH+],KIDA,TRUE,neutral,0,61.00782503,5,0,0,0,0,FALSE
C5H-,[C-]#C[C-]=C=[CH+],KIDA,TRUE,negative,-1,61.00837361,5,0,0,0,0,FALSE
C5H+,[C+]#C[C-]=C=[CH+],KIDA,TRUE,positive,1,61.00727645,5,0,0,0,0,FALSE
CH2NH2,[CH2]N,KIDA,TRUE,neutral,0,30.034374127999996,2,1,1,0,0,FALSE
CH3CO,C[C]=O,KIDA,TRUE,neutral,0,43.01838972,3,0,1,0,0,TRUE
CH3CS+,CC#[S+],KIDA,TRUE,positive,1,58.994997516089995,3,0,0,0,0,FALSE
CH3NH,C[NH],KIDA,TRUE,neutral,0,30.034374127999996,2,0,0,0,0,FALSE
CH3O2+,OC=[OH+],KIDA,TRUE,positive,1,47.012755756089994,3,1,0,0,0,TRUE
CH3SH,CS,KIDA,TRUE,neutral,0,48.00337113,2,1,1,0,0,FALSE
CH2NH2+,[CH2+]N,KIDA,TRUE,positive,1,30.03382555,2,1,1,0,0,FALSE
CH3OH,CO,KIDA,TRUE,neutral,0,32.02621475,2,1,1,0,0,TRUE
CH3NCO,CN=C=O,KIDA,TRUE,neutral,0,57.02146372,4,0,2,0,0,TRUE
CH3NCO+,C[N+]=C=O,KIDA,TRUE,positive,1,57.02091514,4,0,2,0,0,TRUE
CH3CNH+,C[C+]=N,KIDA,TRUE,positive,1,42.03382555,3,1,1,0,0,FALSE
CH3CHO,CC=O,KIDA,TRUE,neutral,0,44.02621475,3,0,1,0,0,TRUE
C2H4O+,CC=[O+],KIDA,TRUE,positive,1,44.02566617,3,0,1,0,0,TRUE
C2H5,[CH2]C,KIDA,TRUE,neutral,0,29.03912516,2,0,0,0,0,FALSE
C3H2CN,C=C=C=C=[N],KIDA,TRUE,neutral,0,64.01872406,5,0,0,0,0,FALSE
CH2CHCN,C=CC#N,KIDA,TRUE,neutral,0,53.0265491,4,0,1,0,0,FALSE
C3H3N+,[CH2+][CH]C#N,KIDA,TRUE,positive,1,53.026000516089994,4,0,1,0,0,FALSE
CH2CCH2,C=C=C,KIDA,TRUE,neutral,0,40.03130013,3,0,0,0,0,FALSE
CH3CCH,C#CC,KIDA,TRUE,neutral,0,40.03130013,3,0,0,0,0,FALSE
C3H4+,C=[C][CH2+],KIDA,TRUE,positive,1,40.030751548089995,3,0,0,0,0,FALSE
C4H3,[CH]=CC#C,KIDA,TRUE,neutral,0,51.0234751,4,0,0,0,0,FALSE
C4H3+,C#C[C+]=C,KIDA,TRUE,positive,1,51.022926516089996,4,0,0,0,0,FALSE
C4N2H+,N#CC#CC#[NH+],KIDA,TRUE,positive,1,77.01342445208999,6,1,1,0,0,FALSE
C5H2,[C-]#CC#C[CH2+],KIDA,TRUE,neutral,0,62.01565006,5,0,0,0,0,FALSE
C5H2+,[C+]#C[C]=C=C,KIDA,TRUE,positive,1,62.015101484089996,5,0,0,0,0,FALSE
HC5N+,[CH+]=[C]C#CC#N,KIDA,TRUE,positive,1,75.01035045,6,0,1,0,0,FALSE
C6H,[C]#CC#CC#C,KIDA,TRUE,neutral,0,73.00782503,6,0,0,0,0,FALSE
C6H-,[C-]#CC#CC#C,KIDA,TRUE,negative,-1,73.00837361,6,0,0,0,0,FALSE
C6H+,[C+]#CC#CC#C,KIDA,TRUE,positive,1,73.00727645,6,0,0,0,0,FALSE
CH3CHS,CC=S,KIDA,TRUE,neutral,0,60.00337113,3,0,1,0,0,FALSE
CH3SH2+,C[SH2+],KIDA,TRUE,positive,1,49.010647580089994,2,0,0,0,0,FALSE
CH3NH2,CN,KIDA,TRUE,neutral,0,31.04219916,2,1,1,0,0,FALSE
CH3OH2+,C[OH2+],KIDA,TRUE,positive,1,33.0334912,2,0,0,0,0,TRUE
C2H3NH2,C=CN,KIDA,TRUE,neutral,0,43.042199159999996,3,1,1,0,0,FALSE
CH3NCOH+,CN[C+]=O,KIDA,TRUE,positive,1,58.028740168089996,4,1,1,1,0,TRUE
CH3CHOH+,CC[O+],KIDA,TRUE,positive,1,45.0334912,3,0,0,0,0,TRUE
C2H6,CC,KIDA,TRUE,neutral,0,30.04695019,2,0,0,0,0,FALSE
C3H3NH+,C=C[C+]=N,KIDA,TRUE,positive,1,54.03382554808999,4,1,1,1,0,FALSE
C2H3CHO,C=CC=O,KIDA,TRUE,neutral,0,56.02621475,4,0,1,1,0,TRUE
C3H5,[CH2]C=C,KIDA,TRUE,neutral,0,41.03912516,3,0,0,0,0,FALSE
C3H5+,C=C[CH2+],KIDA,TRUE,positive,1,41.038576580089995,3,0,0,0,0,FALSE
C4H2CN,[CH]=CC#CC#N,KIDA,TRUE,neutral,0,76.01872406,6,0,1,0,0,FALSE
C4H4,C#CC=C,KIDA,TRUE,neutral,0,52.03130013,4,0,0,0,0,FALSE
C4H4+,[CH+]=[C]C=C,KIDA,TRUE,positive,1,52.030751548089995,4,0,0,1,0,FALSE
HC5NH+,C#CC#CC#N,KIDA,TRUE,neutral,0,75.01089903,6,0,1,0,0,FALSE
C5H3,C#C[C]=C=C,KIDA,TRUE,neutral,0,63.0234751,5,0,0,0,0,FALSE
C5H3+,C#C[C+]=C=C,KIDA,TRUE,positive,1,63.022926516089996,5,0,0,0,0,FALSE
C6H2,C#CC#CC#C,KIDA,TRUE,neutral,0,74.01565006,6,0,0,0,0,FALSE
C6H2+,C#CC#C[C]=[CH+],KIDA,TRUE,positive,1,74.01510148,6,0,0,0,0,FALSE
C7H,[C+]#C[C]=C=C=C=[CH-],KIDA,TRUE,neutral,0,85.00782503,7,0,0,0,0,FALSE
C7H-,[C-]#C[C-]=C=C=C=[CH+],KIDA,TRUE,negative,-1,85.00837361,7,0,0,0,0,FALSE
C7H+,[C+]#C[C-]=C=C=C=[CH+],KIDA,TRUE,positive,1,85.00727645,7,0,0,0,0,FALSE
CH3C3N,CC#CC#N,KIDA,TRUE,neutral,0,65.0265491,5,0,1,0,0,FALSE
CH3CHSH+,C[CH+]S,KIDA,TRUE,positive,1,61.010647580089994,3,1,1,0,0,FALSE
CH3COCN,CC(=O)C#N,KIDA,TRUE,neutral,0,69.02146372,5,0,2,0,0,TRUE
CH3OCH2,[CH2]OC,KIDA,TRUE,neutral,0,45.03403978,3,0,1,0,0,TRUE
CH3NH3+,C[NH3+],KIDA,TRUE,positive,1,32.04947561,2,1,0,0,0,FALSE
COOCH4+,CC(=[O+])O,KIDA,TRUE,positive,1,60.02058079,4,1,1,0,0,TRUE
CH3CH2OH,CCO,KIDA,TRUE,neutral,0,46.04186481,3,1,1,0,0,TRUE
CH3CHCH2,C=CC,KIDA,TRUE,neutral,0,42.04695019,3,0,0,0,0,FALSE
C3H6+,[CH2+][CH]C,KIDA,TRUE,positive,1,42.046401612089994,3,0,0,0,0,FALSE
H3C4NH+,CC#CC#[NH+],KIDA,TRUE,positive,1,66.03382555,5,1,0,0,0,FALSE
C4H5,C#C[CH]C,KIDA,TRUE,neutral,0,53.03912516,4,0,0,0,0,FALSE
C4H5+,C=C=[C+]C,KIDA,TRUE,positive,1,53.038576580089995,4,0,0,0,0,FALSE
C5H3N+,CC#C[C+]=C=[N],KIDA,TRUE,positive,1,77.02600052,6,0,0,0,0,FALSE
C5H4+,C=C=C=[C][CH2+],KIDA,TRUE,positive,1,64.03075155,5,0,0,0,0,FALSE
C6H3+,C#C[C+]=C=C=C,KIDA,TRUE,positive,1,75.02292652,6,0,0,0,0,FALSE
C7H2,[C+]#CC#CC#C[CH2-],KIDA,TRUE,neutral,0,86.01565006,7,0,0,0,0,FALSE
C7H2+,[C+]#C[C]=C=C=C=C,KIDA,TRUE,positive,1,86.01510148,7,0,0,0,0,FALSE
HC7N+,[CH+]=[C]C#CC#CC#N,KIDA,TRUE,positive,1,99.01035045,8,0,1,0,0,FALSE
C8H,[C]#CC#CC#CC#C,KIDA,TRUE,neutral,0,97.00782503,8,0,0,0,0,FALSE
C8H-,[C-]#CC#CC#CC#C,KIDA,TRUE,negative,-1,97.00837361,8,0,0,0,0,FALSE
C8H+,[C+]#CC#CC#CC#C,KIDA,TRUE,positive,1,97.00727645,8,0,0,0,0,FALSE
CH3C4H,C#CC#CC,KIDA,TRUE,neutral,0,64.03130013,5,0,0,0,0,FALSE
CH3OCH3,COC,KIDA,TRUE,neutral,0,46.04186481,3,0,1,0,0,TRUE
CH3OCH3+,C[O+]C,KIDA,TRUE,positive,1,46.04131623,3,0,1,0,0,TRUE
C2H5OH2+,CC[OH2+],KIDA,TRUE,positive,1,47.04914126,3,0,0,0,0,TRUE
CH3COCH3,CC(C)=O,KIDA,TRUE,neutral,0,58.04186481,4,0,1,0,0,TRUE
C2H6CO+,CC(C)=[O+],KIDA,TRUE,positive,1,58.04131623,4,0,1,0,0,TRUE
C3H5CN,C=CCC#N,KIDA,TRUE,neutral,0,67.04219916,5,0,1,1,0,FALSE
C2H5CHO,CCC=O,KIDA,TRUE,neutral,0,58.04186481,4,0,1,1,0,TRUE
C3H7,[CH2]CC,KIDA,TRUE,neutral,0,43.05477522,3,0,0,0,0,FALSE
C3H7+,[CH2+]CC,KIDA,TRUE,positive,1,43.054226644089994,3,0,0,0,0,FALSE
CH2CHCHCH2,C=CC=C,KIDA,TRUE,neutral,0,54.04695019,4,0,0,1,0,FALSE
C4H6+,C=C[CH][CH2+],KIDA,TRUE,positive,1,54.046401612089994,4,0,0,1,0,FALSE
C5H4N+,CC#C[CH+]C#N,KIDA,TRUE,positive,1,78.03382555,6,0,1,0,0,FALSE
C5H5,C#C[CH]C=C,KIDA,TRUE,neutral,0,65.03912516,5,0,0,1,0,FALSE
C5H5+,[CH+]=[C]C#CC,KIDA,TRUE,positive,1,64.03075155,5,0,0,0,0,FALSE
C6H4+,C=C=C=C=[C][CH2+],KIDA,TRUE,positive,1,76.03075155,6,0,0,0,0,FALSE
C7H2N+,C#CC#CC#CC#[NH+],KIDA,TRUE,positive,1,100.0181755,8,1,0,0,0,FALSE
C7H3+,C#CC#C[C+]=C=C,KIDA,TRUE,positive,1,87.02292652,7,0,0,0,0,FALSE
C8H2,C#CC#CC#CC#C,KIDA,TRUE,neutral,0,98.01565006,8,0,0,0,0,FALSE
C8H2+,C#CC#CC#C[C]=[CH+],KIDA,TRUE,positive,1,98.01510148,8,0,0,0,0,FALSE
C9H,[C+]#CC#C[C]=C=C=C=[CH-],KIDA,TRUE,neutral,0,109.007825,9,0,0,0,0,FALSE
C9H-,[C-]#CC#C[C-]=C=C=C=[CH+],KIDA,TRUE,negative,-1,109.0083736,9,0,0,0,0,FALSE
C9H+,[C+]#CC#C[C-]=C=C=C=[CH+],KIDA,TRUE,positive,1,109.0072765,9,0,0,0,0,FALSE
CH3C5N,CC#CC#CC#N,KIDA,TRUE,neutral,0,89.0265491,7,0,1,0,0,FALSE
CH3OCH4+,C[OH+]C,KIDA,TRUE,positive,1,47.04914126,3,0,0,0,0,TRUE
C10H,[C]#CC#CC#CC#CC#C,KIDA,TRUE,neutral,0,121.007825,10,0,0,0,0,FALSE
C10H-,[C-]#CC#CC#CC#CC#C,KIDA,TRUE,negative,-1,121.0083736,10,0,0,0,0,FALSE
C10H+,[C+]#CC#CC#CC#CC#C,KIDA,TRUE,positive,1,121.0072765,10,0,0,0,0,FALSE
C3H6OH+,CC(C)=[OH+],KIDA,TRUE,positive,1,59.04914126,4,0,0,0,0,TRUE
C3H8,CCC,KIDA,TRUE,neutral,0,44.062600255999996,3,0,0,0,0,FALSE
C4H7,C=C[CH]C,KIDA,TRUE,neutral,0,55.05477522,4,0,0,1,0,FALSE
C5H6,C#CC=CC,KIDA,TRUE,neutral,0,66.04695019,5,0,0,0,0,FALSE
H3C6NH+,CC#CC#CC#[NH+],KIDA,TRUE,positive,1,90.03382555,7,1,0,0,0,FALSE
c-C6H5,[c]1ccccc1,KIDA,TRUE,neutral,0,77.03912516,6,0,0,0,1,FALSE
C6H5+,[C+]1=CC=CC=C1,KIDA,TRUE,positive,1,77.03857658,6,0,0,0,0,FALSE
H3C7N+,CC#CC#C[C+]=C=[N],KIDA,TRUE,positive,1,101.0260005,8,0,0,0,0,FALSE
C7H4,C=C=C=C=C=C=C,KIDA,TRUE,neutral,0,88.03130013,7,0,0,0,0,FALSE
C7H4+,C=C=C=C=C=[C][CH2+],KIDA,TRUE,positive,1,88.03075155,7,0,0,0,0,FALSE
C8H3+,C#CC#C[C+]=C=C=C,KIDA,TRUE,positive,1,99.02292652,8,0,0,0,0,FALSE
C9H2,[C+]#CC#CC#CC#C[CH2-],KIDA,TRUE,neutral,0,110.0156501,9,0,0,0,0,FALSE
C9H2+,[C+]#CC#C[C]=C=C=C=C,KIDA,TRUE,positive,1,110.0151015,9,0,0,0,0,FALSE
C9HN+,[CH+]=[C]C#CC#CC#CC#N,KIDA,TRUE,positive,1,123.0103505,10,0,1,0,0,FALSE
CH3C6H,C#CC#CC#CC,KIDA,TRUE,neutral,0,88.03130013,7,0,0,0,0,FALSE
C10H2,C#CC#CC#CC#CC#C,KIDA,TRUE,neutral,0,122.0156501,10,0,0,0,0,FALSE
C10H2+,C#CC#CC#CC#C[C]=[CH+],KIDA,TRUE,positive,1,122.0151015,10,0,0,0,0,FALSE
C4H8,C=CCC,KIDA,TRUE,neutral,0,56.062600255999996,4,0,0,1,0,FALSE
C4H8+,[CH2+][CH]CC,KIDA,TRUE,positive,1,56.06205167608999,4,0,0,1,0,FALSE
C6H6,c1ccccc1,KIDA,TRUE,neutral,0,78.04695019,6,0,0,0,1,FALSE
C7H5+,C=C=C=[C+]C#CC,KIDA,TRUE,positive,1,89.03857658,7,0,0,0,0,FALSE
C8H4+,C=C=C=C=C=C=[C][CH2+],KIDA,TRUE,positive,1,100.0307515,8,0,0,0,0,FALSE
C9H2N+,C#CC#CC#CC#CC#[NH+],KIDA,TRUE,positive,1,124.0181755,10,1,0,0,0,FALSE
C9H3+,[C+]#CC#CC#CC#CC,KIDA,TRUE,positive,1,111.0229265,9,0,0,0,0,FALSE
CH3C7N,CC#CC#CC#CC#N,KIDA,TRUE,neutral,0,113.0265491,9,0,1,0,0,FALSE
C4H9,[CH2]CCC,KIDA,TRUE,neutral,0,57.07042529,4,0,0,1,0,FALSE
C4H9+,[CH2+]CCC,KIDA,TRUE,positive,1,57.06987671,4,0,0,1,0,FALSE
C5H8,C=CC=CC,KIDA,TRUE,neutral,0,68.06260026,5,0,0,1,0,FALSE
C8H4N+,CC#CC#CC#CC#[NH+],KIDA,TRUE,positive,1,114.0338255,9,1,0,0,0,FALSE
C8H5+,C=C=C=C=[C+]C#CC,KIDA,TRUE,positive,1,101.0385766,8,0,0,0,0,FALSE
C9H3N+,CC#CC#CC#C[C+]=C=[N],KIDA,TRUE,positive,1,125.0260005,10,0,0,0,0,FALSE
C9H4+,[CH+]=[C]C#CC#CC#CC,KIDA,TRUE,positive,1,112.0307515,9,0,0,0,0,FALSE
C4H10,CCCC,KIDA,TRUE,neutral,0,58.07825032,4,0,0,1,0,FALSE
C5H9,C=C[CH]CC,KIDA,TRUE,neutral,0,69.07042529,5,0,0,2,0,FALSE
C5H9+,C=C[CH+]CC,KIDA,TRUE,positive,1,69.06987670808999,5,0,0,2,0,FALSE
C6H8,C#C/C=C/CC,KIDA,TRUE,neutral,0,80.06260026,6,0,0,1,0,FALSE
C9H5+,C=C=C=C=C=[C+]C#CC,KIDA,TRUE,positive,1,113.0385766,9,0,0,0,0,FALSE
C5H10,C=CCCC,KIDA,TRUE,neutral,0,70.07825032,5,0,0,2,0,FALSE
C5H11,[CH2]CCCC,KIDA,TRUE,neutral,0,71.08607535,5,0,0,2,0,FALSE
C5H12,CCCCC,KIDA,TRUE,neutral,0,72.09390038,5,0,0,2,0,FALSE
C6H12,C=CCCCC,KIDA,TRUE,neutral,0,84.09390038,6,0,0,3,0,FALSE
C6H13,[CH2]CCCCC,KIDA,TRUE,neutral,0,85.10172542,6,0,0,3,0,FALSE
C6H14,CCCCCC,KIDA,TRUE,neutral,0,86.10955045,6,0,0,3,0,FALSE
C14H10,c1ccc2cc3ccccc3cc2c1,KIDA,TRUE,neutral,0,178.0782503,14,0,0,0,3,FALSE
C14H10+,[CH]1[CH+]C=Cc2cc3ccccc3cc21,KIDA,TRUE,positive,1,178.0777017,14,0,0,0,2,FALSE
H2O,O,KIDA,TRUE,neutral,0,18.01056468,1,0,0,0,0,TRUE
H2O+,[OH2+],KIDA,TRUE,positive,1,18.0100161,1,0,0,0,0,TRUE
HCN,C#N,KIDA,TRUE,neutral,0,27.010899031999998,2,0,1,0,0,FALSE
HCN+,[CH+]=[N],KIDA,TRUE,positive,1,27.01035045,2,0,0,0,0,FALSE
HCO,[CH]=O,KIDA,TRUE,neutral,0,29.00273965,2,0,1,0,0,TRUE
HCO+,C#[O+],KIDA,TRUE,positive,1,29.00219107,2,0,0,0,0,TRUE
HCP,C#P,KIDA,TRUE,neutral,0,43.98158666,2,0,0,0,0,FALSE
HCP+,[CH+]=[P],KIDA,TRUE,positive,1,43.981038082089995,2,0,0,0,0,FALSE
HCS,[CH]=S,KIDA,TRUE,neutral,0,44.97989603,2,0,1,0,0,FALSE
HCS+,C#[S+],KIDA,TRUE,positive,1,44.979347452089996,2,0,0,0,0,FALSE
HNC,[C]=N,KIDA,TRUE,neutral,0,27.010899031999998,2,1,1,0,0,FALSE
HNC+,[C+]=N,KIDA,TRUE,positive,1,27.01035045,2,1,1,0,0,FALSE
HNO,N=O,KIDA,TRUE,neutral,0,31.00581365,2,1,2,0,0,TRUE
HNO+,N=[O+],KIDA,TRUE,positive,1,31.00526507,2,1,2,0,0,TRUE
HNS+,N=[S+],KIDA,TRUE,positive,1,46.982421452089994,2,1,2,0,0,FALSE
H2CN,C=[N],KIDA,TRUE,neutral,0,28.018724063999997,2,0,0,0,0,FALSE
H2CO,C=O,KIDA,TRUE,neutral,0,30.01056468,2,0,1,0,0,TRUE
H2CO+,C=[O+],KIDA,TRUE,positive,1,30.0100161,2,0,1,0,0,TRUE
H2CS,C=S,KIDA,TRUE,neutral,0,45.98772106,2,0,1,0,0,FALSE
H2CS+,C=[S+],KIDA,TRUE,positive,1,45.987172484089996,2,0,1,0,0,FALSE
H2NC+,[C+]N,KIDA,TRUE,positive,1,28.01817548,2,1,1,0,0,FALSE
H2NO+,N[O+],KIDA,TRUE,positive,1,32.013090104090004,2,1,1,0,0,TRUE
HOOH,OO,KIDA,TRUE,neutral,0,34.0054793,2,2,2,0,0,TRUE
H3O+,[OH3+],KIDA,TRUE,positive,1,19.01784114,1,0,0,0,0,TRUE
HC2N,[CH+]=C=[N-],KIDA,TRUE,neutral,0,39.010899032000005,3,0,0,0,0,FALSE
HC2O,C#C[O],KIDA,TRUE,neutral,0,41.00273965,3,0,0,0,0,TRUE
HC2S+,[CH+]=C=S,KIDA,TRUE,positive,1,56.979347452089996,3,0,1,0,0,FALSE
l-C3H,[C-]=C=[CH+],KIDA,TRUE,neutral,0,37.00782503,3,0,0,0,0,FALSE
HCNH+,[CH+]=N,KIDA,TRUE,positive,1,28.01817548,2,1,1,0,0,FALSE
HCNO,C#[N+][O-],KIDA,TRUE,neutral,0,43.00581365,3,0,1,0,0,TRUE
HCNO+,C#[N+][O],KIDA,TRUE,positive,1,43.00526507,3,0,0,0,0,TRUE
HCNS,C#[N+][S-],KIDA,TRUE,neutral,0,58.98297003,3,0,1,0,0,FALSE
HOCO+,O=[C+]O,KIDA,TRUE,positive,1,44.99710569,3,1,1,0,0,TRUE
HDCO,[2H]C=O,KIDA,TRUE,neutral,0,31.01684143,2,0,1,0,0,TRUE
HNCO+,N=C=[O+],KIDA,TRUE,positive,1,43.00526507,3,1,2,0,0,TRUE
HNCS,N=C=S,KIDA,TRUE,neutral,0,58.98297003,3,1,2,0,0,FALSE
HNCS+,N=C=[S+],KIDA,TRUE,positive,1,58.982421452089994,3,1,2,0,0,FALSE
HOCN,N#CO,KIDA,TRUE,neutral,0,43.00581365,3,1,2,0,0,TRUE
HOCN+,[N]=[C+]O,KIDA,TRUE,positive,1,43.00526507,3,1,0,0,0,TRUE
HOCS+,O[C+]=S,KIDA,TRUE,positive,1,60.97426207,3,1,1,0,0,TRUE
HONC,[C-]#[N+]O,KIDA,TRUE,neutral,0,43.00581365,3,1,1,0,0,TRUE
HONC+,[C]#[N+]O,KIDA,TRUE,positive,1,43.00526507,3,1,1,0,0,TRUE
HSO2+,O=S=[OH+],KIDA,TRUE,positive,1,64.96917669,3,0,1,0,0,TRUE
l-C3H2,[C-]#C[CH2+],KIDA,TRUE,neutral,0,38.01565006,3,0,0,0,0,FALSE
l-C3H2+,[C+]=C=C,KIDA,TRUE,positive,1,38.015101484089996,3,0,0,0,0,FALSE
H2CCS,C=C=S,KIDA,TRUE,neutral,0,57.98772106,3,0,1,0,0,FALSE
H2CSH+,C[S+],KIDA,TRUE,positive,1,46.994997516089995,2,0,0,0,0,FALSE
H2COH+,[CH2+]O,KIDA,TRUE,positive,1,31.01784114,2,1,1,0,0,TRUE
HCCNC,[C-]#[N+]C#C,KIDA,TRUE,neutral,0,51.01089903,4,0,0,0,0,FALSE
HC3N,C#CC#N,KIDA,TRUE,neutral,0,51.01089903,4,0,1,0,0,FALSE
HC3O,C#C[C]=O,KIDA,TRUE,neutral,0,53.00273965,4,0,1,0,0,TRUE
HC3O+,C#CC#[O+],KIDA,TRUE,positive,1,53.00219107,4,0,0,0,0,TRUE
HC3S+,C#CC#[S+],KIDA,TRUE,positive,1,68.97934745,4,0,0,0,0,FALSE
HCNCC,[C-]#C[N+]#C,KIDA,TRUE,neutral,0,51.01089903,4,0,0,0,0,FALSE
HCOCN,N#CC=O,KIDA,TRUE,neutral,0,55.00581365,4,0,2,0,0,TRUE
HNCCC,[C-]#C[C+]=N,KIDA,TRUE,neutral,0,51.01089903,4,1,1,0,0,FALSE
HOCHN,N=CO,KIDA,TRUE,neutral,0,45.02146372,3,2,1,0,0,TRUE
H2C3O+,C=C=C=[O+],KIDA,TRUE,positive,1,54.0100161,4,0,1,0,0,TRUE
l-C3H3+,C#C[CH2+],KIDA,TRUE,positive,1,39.022926516089996,3,0,0,0,0,FALSE
HC2NCH+,C#C[N+]#C,KIDA,TRUE,positive,1,52.018175484089994,4,0,0,0,0,FALSE
HC4N,C#C[C+]=C=[N-],KIDA,TRUE,neutral,0,63.01089903,5,0,0,0,0,FALSE
HC4N+,C#C[C+]=C=[N],KIDA,TRUE,positive,1,63.010350452089995,5,0,0,0,0,FALSE
HC4O+,C#C[C+]=C=O,KIDA,TRUE,positive,1,65.00219107,5,0,1,0,0,TRUE
HC4S+,C#C[C+]=C=S,KIDA,TRUE,positive,1,80.97934745,5,0,1,0,0,FALSE
H2C4N+,C=C=[C+]C#N,KIDA,TRUE,positive,1,64.01817548,5,0,1,0,0,FALSE
C2H3CO+,C=[C+]C=O,KIDA,TRUE,positive,1,55.01784114,4,0,1,1,0,TRUE
H3C4N+,C[C+]=[C]C#N,KIDA,TRUE,positive,1,65.02600052,5,0,1,0,0,FALSE
HC6N,C#CC#C[C+]=C=[N-],KIDA,TRUE,neutral,0,87.01089903,7,0,0,0,0,FALSE
HC6N+,C#CC#C[C+]=C=[N],KIDA,TRUE,positive,1,87.01035045,7,0,0,0,0,FALSE
HCOOCH3,COC=O,KIDA,TRUE,neutral,0,60.021129368000004,4,0,2,1,0,TRUE
H5C2O2+,COC=[O+],KIDA,TRUE,positive,1,60.02058079,4,0,2,1,0,TRUE
H5C3O+,[CH+]=CCO,KIDA,TRUE,positive,1,57.0334912,4,1,1,1,0,TRUE
HC7N,C#CC#CC#CC#N,KIDA,TRUE,neutral,0,99.01089903,8,0,1,0,0,FALSE
HC8N,C#CC#CC#C[C+]=C=[N-],KIDA,TRUE,neutral,0,111.010899,9,0,0,0,0,FALSE
HC8N+,C#CC#CC#C[C+]=C=[N],KIDA,TRUE,positive,1,111.0103505,9,0,0,0,0,FALSE
HC9N,C#CC#CC#CC#CC#N,KIDA,TRUE,neutral,0,123.010899,10,0,1,0,0,FALSE
HC10N+,C#CC#CC#CC#C[C+]=C=[N],KIDA,TRUE,positive,1,135.0103505,11,0,0,0,0,FALSE
ND,[2H][N],KIDA,TRUE,neutral,0,16.01717578,1,0,0,0,0,FALSE
NH,[NH],KIDA,TRUE,neutral,0,15.01089903,1,0,0,0,0,FALSE
NH+,[NH+],KIDA,TRUE,positive,1,15.01035045,1,0,0,0,0,FALSE
N2H,[N]=N,KIDA,TRUE,neutral,0,29.01397303,2,1,1,0,0,FALSE
NH2,[NH2],KIDA,TRUE,neutral,0,16.01872406,1,0,0,0,0,FALSE
NH2+,[NH2+],KIDA,TRUE,positive,1,16.01817548,1,0,0,0,0,FALSE
NHD,[2H][NH],KIDA,TRUE,neutral,0,17.025000809999998,1,0,0,0,0,FALSE
N2H2,N=N,KIDA,TRUE,neutral,0,30.02179806,2,2,2,0,0,FALSE
NH3,N,KIDA,TRUE,neutral,0,17.0265491,1,1,1,0,0,FALSE
NH3+,[NH3+],KIDA,TRUE,positive,1,17.02600052,1,1,1,0,0,FALSE
NH2CN,N#CN,KIDA,TRUE,neutral,0,42.021798063999995,3,1,2,0,0,FALSE
NH4+,[NH4+],KIDA,TRUE,positive,1,18.03382555,1,1,0,0,0,FALSE
N2H4,NN,KIDA,TRUE,neutral,0,32.03744813,2,2,2,0,0,FALSE
NH2CDO,[2H]C(=N)O,KIDA,TRUE,neutral,0,46.02774046,3,2,1,0,0,TRUE
NH2CNH+,N#C[NH3+],KIDA,TRUE,positive,1,43.02907451608999,3,1,1,0,0,FALSE
NH2CHS,N=CS,KIDA,TRUE,neutral,0,60.998620095999996,3,2,1,0,0,FALSE
trans-NHDCHO,[2H]N=CO,KIDA,TRUE,neutral,0,46.02774046,3,2,1,0,0,TRUE
NH2CH2O,NCO,KIDA,TRUE,neutral,0,47.03711378,3,2,2,0,0,TRUE
NH2CH2O+,[NH2+]=CO,KIDA,TRUE,positive,1,46.028740168089996,3,2,0,0,0,TRUE
NH2CH2SH,NCS,KIDA,TRUE,neutral,0,63.014270159999995,3,2,2,0,0,FALSE
OH,[OH],KIDA,TRUE,neutral,0,17.00273965,1,1,0,0,0,TRUE
OH-,[OH-],KIDA,TRUE,negative,-1,17.00328823,1,0,1,0,0,TRUE
OH+,[OH+],KIDA,TRUE,positive,1,17.00219107,1,0,0,0,0,TRUE
O2H,[O]O,KIDA,TRUE,neutral,0,32.99765427,2,1,1,0,0,TRUE
HO2+,[O+]O,KIDA,TRUE,positive,1,32.99710569,2,1,1,0,0,TRUE
PC2H+,[CH+]=C=[P],KIDA,TRUE,positive,1,55.981038082089995,3,0,0,0,0,FALSE
PCH2+,[CH2+][P],KIDA,TRUE,positive,1,44.988863114089995,2,0,0,0,0,FALSE
PNH2+,N[P],KIDA,TRUE,neutral,0,46.992485693999996,2,1,1,0,0,FALSE
PC2H2+,[CH2+]C#P,KIDA,TRUE,positive,1,56.988863114089995,3,0,0,0,0,FALSE
PC3H+,[CH+]=[C]C#P,KIDA,TRUE,positive,1,67.98103808,4,0,0,0,0,FALSE
PCH3+,C[P],KIDA,TRUE,neutral,0,45.99723673,2,0,0,0,0,FALSE
PNH3+,[NH3+][P],KIDA,TRUE,positive,1,47.99976215,2,1,0,0,0,FALSE
PC2H3+,[CH2+]C=[P],KIDA,TRUE,positive,1,57.996688146089994,3,0,0,0,0,FALSE
PC4H+,C#C[C+]=C=[P],KIDA,TRUE,positive,1,79.98103808,5,0,0,0,0,FALSE
PCH4+,C[PH],KIDA,TRUE,neutral,0,47.00506176,2,0,0,0,0,FALSE
PC2H4+,C[CH+][P],KIDA,TRUE,positive,1,59.004513178089994,3,0,0,0,0,FALSE
PC4H2+,C=C=[C+]C#P,KIDA,TRUE,positive,1,80.98886311,5,0,0,0,0,FALSE
CH3S,C[S-],KIDA,TRUE,negative,-1,46.99609468,2,0,1,0,0,FALSE
C2H5N+,CC=[NH+],KIDA,TRUE,positive,1,43.04165058008999,3,1,1,0,0,FALSE
C3H5N+,CC=[NH+]C,KIDA,TRUE,positive,1,58.06512567608999,4,1,0,0,0,FALSE
C5H4,C=C=C=C=C,KIDA,TRUE,neutral,0,64.03130013,5,0,0,0,0,FALSE
C6N2H+,N#CC#CC#C[NH+],KIDA,TRUE,positive,1,89.01342445208999,7,0,1,0,0,FALSE
C3H5NH+,CC[NH3+],KIDA,TRUE,positive,1,46.06512567608999,3,1,0,0,0,FALSE
C4H5N+,C#CC[NH2+]C,KIDA,TRUE,positive,1,70.06512567608999,5,1,0,1,0,FALSE
C6H4,C#CC#CC=C,KIDA,TRUE,neutral,0,76.03130013,6,0,0,0,0,FALSE
C7H3,[C]#CC#CC#CC,KIDA,TRUE,neutral,0,87.0234751,7,0,0,0,0,FALSE
C4H5NH+,CCC[NH3+],KIDA,TRUE,positive,1,60.08077574,4,1,0,1,0,FALSE
C5H5N+,c1cc[nH+]cc1,KIDA,TRUE,positive,1,80.04947561208999,6,0,0,0,1,FALSE
C5H7,CC=CC=C,KIDA,TRUE,neutral,0,68.06260026,5,0,0,1,0,FALSE
C5H7+,C=CC[CH+]C,KIDA,TRUE,positive,1,69.06987670808999,5,0,0,2,0,FALSE
C8H4,C#CC#CC#CC=C,KIDA,TRUE,neutral,0,100.0313001,8,0,0,0,0,FALSE
C9H3,[C]#CC#CC#CC#CC,KIDA,TRUE,neutral,0,111.0234751,9,0,0,0,0,FALSE
C6H7,C1=CC=CCC1,KIDA,TRUE,neutral,0,80.06260026,6,0,0,0,0,FALSE
HCOCHO,O=CC=O,KIDA,TRUE,neutral,0,58.005479304000005,4,0,2,1,0,TRUE
c-C3H2OH+,OC1=[C+][CH]1,KIDA,TRUE,positive,1,54.0100161,4,1,1,0,0,TRUE
HC5O+,C#CC#CC=[O+],KIDA,TRUE,positive,1,78.0100161,6,0,1,0,0,TRUE
HC7O+,C#CC#CC#CC=[O+],KIDA,TRUE,positive,1,102.0100161,8,0,1,0,0,TRUE
HC9O+,C#CC#CC#CC#CC=[O+],KIDA,TRUE,positive,1,126.0100161,10,0,1,0,0,TRUE