Classical-Only (A),Classical + BDE (A+B),Classical + Independent Physics (A+C),Full (A+B+C),name,BDE_lit,BDE_min,bond_type,oxygen_radical_flag,has_oxygen
-0.6636700730990026,-0.5753486052669539,-0.6655726864484688,-0.5779426732638973,HCOOH+,92.9,92.9,C-H,1,1
-0.04498062600273878,-0.01727610101753818,-0.04533747879530692,-0.016416771071589675,C2H5+,378.1,378.1,C-H,0,0
-0.12325241844450563,-0.016129562854583668,-0.12277621785844905,-0.013337590169225422,C6H7+,320.9,320.9,C-H,0,0
-0.0942797869745462,-0.04113579877264417,-0.09595524018420942,-0.039012134051465086,CD,338.8,338.8,C-H,0,0
-0.08225040869063527,-0.04762925649885208,-0.09320436622831618,-0.04401770241620717,CH,337.6,337.6,C-H,0,0
-0.02350624218536801,-0.011135099063134035,-0.02516417672400406,-0.011358278670965838,CH+,394.1,394.1,C-H,0,0
0.03849256942802359,0.017771381141669984,0.040470193254660725,0.01808343005032853,CCH,468.6,468.6,C-H,0,0
0.08047811322700493,0.029893781035339462,0.08111796611770572,0.030032637908250948,C2H+,514.3,514.3,C-H,0,0
-0.0052592954767178846,-0.0036083673405826744,-0.006647124011736949,-0.003560903066236243,CH2,417.85,417.85,C-H,0,0
0.02294598208974863,0.006950473224546894,0.015424826333644948,0.007047357923242625,CH2+,442.6,442.6,C-H,0,0
0.09669596053887997,0.05644611883532358,0.09734586793096911,0.05610471431927655,C2H2,551.2,551.2,C-H,0,0
0.12414649270803402,0.04775829400762799,0.1316653887803323,0.04737447957475771,C2H2+,574.8,574.8,C-H,0,0
0.08116654853807237,0.031145196290370603,0.08000626384286402,0.03059119748813144,C2HO+,510.2,510.2,C-H,1,1
0.0028819657845309266,0.0018438324430203323,0.0037594359915820164,0.001985148377485757,HC2N+,429.4,429.4,C-H,0,0
0.22929718627739915,0.13500433291980096,0.23052173815419552,0.13640481133174553,c-C3H,715.0,715.0,C-H,0,0
0.034870018262286084,0.006748375956903807,0.0205249622650987,0.006449188758390179,CH3,439.3,439.3,C-H,0,0
0.02702039838979875,0.016146546389234295,0.03747177985816785,0.015790159031242368,HNCO,458.6,458.6,N-H,0,1
-0.07556390031774507,0.16064291246023243,-0.0739539988370459,0.1550715632322337,HOCO,359.0,-34.545016048250545,O-H,1,1
-0.03452072927717875,-0.012940751115712246,-0.032357820885237754,-0.013009781868366765,H2CCN,394.1,394.1,C-H,0,0
-0.06342619216238088,-0.02863626700854871,-0.07245665723257577,-0.028872371845069633,H2CCO,360.2,360.2,C-H,0,1
-0.01632249000810493,0.0008887721486861011,-0.00841748352290761,0.000821583109319679,C2H3,418.4,418.4,C-H,0,0
-0.021914726162919784,0.0009117696959770605,-0.010816320512692545,0.0008048022624156381,C2H3+,418.4,418.4,C-H,0,0
0.10771193305662807,0.042279356653841305,0.10819025373234359,0.04231176557747052,t-C3H2,543.0,543.0,C-H,0,0
0.06312868441104902,0.034917431442533786,0.06397471661679566,0.034756482975036196,c-C3H2,497.0,497.0,C-H,0,0
0.09431671559223842,0.05569556159095068,0.0996083652581845,0.0555892187225262,HC3N+,551.0,551.0,C-H,0,0
0.14664934944572572,0.10721794054655609,0.13761295264928952,0.11012157108282761,HCOOH,587.0,484.2441413094021,O-H,1,1
-0.011709944025253716,0.02614282497242737,-0.012777505819186352,0.018770725257641008,CH2OH,402.3,162.68840686652945,O-H,1,1
0.0072004595974388685,0.11585625074317374,0.012083649944894859,0.11603361759917963,CH3O,437.0,126.42860021961523,C-H,1,1
-0.034677971135035346,-0.021092764510070694,-0.03560219515419982,-0.021333699467266154,CH2SH,386.6,386.6,C-H,0,0
0.014213080708624037,0.004742000862721696,0.015294584220641116,0.004781754827776652,CH4,439.3,439.3,C-H,0,0
-0.07203102590385857,-0.029594807688698044,-0.081300274847949,-0.02952096868744647,CH3CO+,356.0,356.0,C-H,0,1
0.03341074021369561,0.014265533682867648,0.039495106107940714,0.014114021909271024,C2H4,464.0,464.0,C-H,0,0
0.019217986030064083,0.01889310338339456,0.03102116608336747,0.018966772005792443,C2H4+,461.1,461.1,C-H,0,0
0.16810262545158672,0.06543509015834159,0.17064057769259566,0.06569641252726832,HC3NH+,631.8,631.8,N-H,0,0
-0.0357536964231997,-0.01454715691258679,-0.036831784642538334,-0.014916185931628245,HCCCHO,385.0,385.0,C-H,0,1
0.052727572702387704,0.018814376093186702,0.05164948448304907,0.01933177886103321,c-C3H2O,472.0,472.0,C-H,0,1
-0.03588897172339145,-0.013694275449949611,-0.033610258764065204,-0.013732111318526474,CH2CCH,393.0,393.0,C-H,0,0
-0.0011073376693970793,0.005258797178835817,0.004618988629839116,0.006995016994036263,c-C3H3+,427.0,427.0,C-H,0,0
0.10194481129381883,0.043664114140522514,0.10297315235097981,0.0439558653474168,C4H2,539.0,539.0,C-H,0,0
-0.00457998873871901,0.0006987345811673151,-0.004255592406396502,0.0003928620021080853,C5H,427.0,427.0,C-H,0,0
-0.00043078277173602686,0.014624261729279109,-0.005410795161923776,0.016971975585483356,CH2NH2,418.0,342.3314699175289,C-H,0,0
-0.06522873597717593,-0.02886576955879594,-0.06707713300581997,-0.028895861998876615,CH3CO,362.0,362.0,C-H,0,1
-0.04047465077559664,-0.01585516573022039,-0.039186864994058546,-0.01597582986627666,CH3NH,388.0,388.0,C-H,0,0
-0.01972283216405213,-0.008309847782932422,-0.019904217419883796,-0.008562354250398307,CH3SH,401.0,401.0,C-H,0,0
0.02215565634270522,0.00590359392041373,0.0203404489525143,0.005574438262505588,CH3OH,437.0,437.0,O-H,1,1
-0.04823106155254786,-0.020500322013306427,-0.05424028602029862,-0.020725276029361694,CH3NCO,377.0,377.0,C-H,0,1
-0.10429060218337227,-0.056522115293093034,-0.10387718647075772,-0.0560477322149433,CH3NCO+,335.0,335.0,C-H,0,1
-0.054447693263536046,-0.018686547035849266,-0.053349302187785774,-0.017463342279402383,CH3CHO,372.0,372.0,C-H,0,1
0.07669921349054531,0.01895919293761228,0.05881939926354951,0.019071852917925458,C2H4O+,461.0,461.0,C-H,0,1
0.0008510088572588614,-0.0013256715716316592,0.0008030720020486548,-0.0015005288050389254,C2H5,420.5,420.5,C-H,0,0
-0.03761882423689533,-0.016318897075453975,-0.03774793426157963,-0.016165924317248503,CH2CHCN,390.0,390.0,C-H,0,0
-0.044167606694965666,-0.02385073592892839,-0.045054499780021295,-0.02416880008621014,CH2CCH2,381.6,381.6,C-H,0,0
0.004672505980602981,-0.00018669846153285263,0.0014728264491599141,-0.00040313427588012374,CH3CCH,416.0,416.0,C-H,0,0
0.014918566677337708,0.004889937069836758,0.015010028851797141,0.004892467641301135,C3H4+,436.0,436.0,C-H,0,0
-0.06953792468759357,-0.025902661473254707,-0.06784367508339129,-0.024740959883424285,C4H3,364.0,364.0,C-H,0,0
0.09501652698502694,0.03405185404234068,0.09704382447625282,0.033786815983601226,C5H2,531.0,531.0,C-H,0,0
0.10592602926542316,0.058684113328447474,0.11123734803854024,0.05838165742160761,HC5N+,561.49,561.49,C-H,0,0
-0.02484259398248101,-0.006264318733238294,-0.019173122368842055,-0.006352356370911139,C6H,405.0,405.0,C-H,0,0
-0.02809102170208977,-0.013630222998513908,-0.028082162106245256,-0.013555668943562083,CH3SH2+,397.0,397.0,C-H,0,0
-0.029329623841789942,-0.01411654569347709,-0.03060504252315388,-0.014180011336008658,CH3NH2,388.0,388.0,C-H,0,0
-0.028632089779800474,-0.011490891960494132,-0.030812741285417555,-0.011587677245010752,CH3OH2+,397.0,397.0,C-H,1,1
-0.03346059262860601,-0.015204405482922567,-0.03380333797619661,-0.015198123866673185,C2H3NH2,392.0,392.0,C-H,0,0
0.003196650849937921,-0.0003186989542629526,0.0026738177927492224,-0.0004513515895063769,C2H6,423.0,423.0,C-H,0,0
0.16720463997945245,0.14455044541657536,0.17340210925470023,0.14640178455042374,C3H3NH+,632.0,460.14657788932374,C-H,0,0
-0.0017814291075319844,-0.0016426101100623924,-0.002772500593098748,-0.0017435000518095656,C3H5,422.584,422.584,C-H,0,0
-0.0407820431805348,-0.01725036703328575,-0.041417752169034205,-0.017568830369721677,C4H4,381.5808,381.5808,C-H,0,0
-0.044089714574016,-0.01882426431067019,-0.04758665440534848,-0.019107498106284204,C4H4,381.5808,381.5808,C-H,0,0
0.08740702667515521,0.03389784237431748,0.09906196729797889,0.03328599591032688,C6H2,530.5312,530.5312,C-H,0,0
0.08092929071378174,0.04734218754993824,0.08346138271971526,0.0469063159948373,C6H2,530.5312,530.5312,C-H,0,0
-0.024670520811553853,-0.015541757721683869,-0.024993407242105636,-0.01583564773493995,CH3CH2OH,395.8064,395.8064,C-H,0,1
-0.02674334855951166,-0.011111439298477688,-0.026241238896640873,-0.011120308618723929,CH3CH2OH,395.8064,395.8064,C-H,0,1
-0.06102039670355186,-0.029504315436467365,-0.06296039956293864,-0.029913346552317588,C2H5CHO,358.5888,358.5888,C-H,0,1
-0.019857248063748667,-0.00950972175930298,-0.020087150688141264,-0.009463583463419134,C4H7,405.0944,405.0944,C-H,0,0
0.03996246169147355,0.014015515418878799,0.040459414350046075,0.014861537448518813,C6H5+,465.9,465.9,C-H,0,0
-0.0008489582073316626,0.001960999048188583,0.0010464642720937611,0.0021295686680002923,C7H4,419.8672,419.8672,C-H,0,0
0.10899029137804472,0.05154000359357669,0.10983172712216582,0.05191391307368054,C9H2,547.6848,547.6848,C-H,0,0
-0.009058586438260186,-0.003997012403905931,-0.009205772434623949,-0.004103421515730954,C4H8,412.124,412.124,C-H,0,0
0.04646779429964987,0.01912281096608126,0.046845517083193844,0.01981738003085498,C6H6,472.6136,472.6136,C-H,0,0
-0.03914532846227292,-0.0159753281413475,-0.04060362431348752,-0.016149165143283017,C4H9,387.8768,387.8768,C-H,0,0
-0.03216035062775058,-0.014462877121296458,-0.03222101485239426,-0.014317186027793749,C5H9,394.1328,394.1328,C-H,0,0
-0.1128742638354816,-0.04816141061554413,-0.12354402950629106,-0.04760039283534123,C6H8,321.7,321.7,C-H,0,0
-0.0071225944180546286,-0.0064176501743058445,-0.008134462970268874,-0.006806801911687366,C5H11,413.0,413.0,C-H,0,0
-0.0089981722772694,-0.004087353809153704,-0.008971760371357718,-0.0042096584825501715,C5H12,413.0,413.0,C-H,0,0
-0.0016060210080586224,-0.003748817920747438,-0.0034914033291917335,-0.00372112338305719,C6H12,413.0,413.0,C-H,0,0
-0.023425993879907736,-0.012989750402654376,-0.0238326770797892,-0.013319445787152162,C6H13,399.572,399.572,C-H,0,0
-0.007549781134441602,-0.0036437909415680814,-0.007908371661656588,-0.0036667018416163266,C6H14,413.0,413.0,C-H,0,0
-0.0017186288833057617,0.0001053749497117451,-0.001443111248197404,1.96687472842072e-06,C14H10,422.584,422.584,C-H,0,0
0.009070570034814818,0.004433012362294431,0.003801465018687278,0.0047872205947459,C14H10+,422.584,422.584,C-H,0,0
0.06649291994095874,0.032866376980015044,0.07034761607886564,0.03291239282405778,H2O,497.8968,497.8968,O-H,1,1
0.06563305565787214,0.025961577817460668,0.06665071716631843,0.026400649815156996,H2O+,497.8968,497.8968,O-H,1,1
0.08813213621959815,0.035743230207453625,0.08722835694989373,0.035385579356410624,HCN,518.0,518.0,C-H,0,0
-0.07373523506893909,-0.028020193313908592,-0.07204186313757344,-0.028619755603466857,HCO,360.0,360.0,C-H,1,1
0.14278818851363706,0.07000052757093655,0.14593409717544947,0.06759403022723731,HCO+,587.0208,587.0208,C-H,1,1
-0.3061521692413378,-0.1642306606910986,-0.31915062492583024,-0.16348171397154143,HCS,206.2704,206.2704,C-H,0,0
-0.3085617643101428,-0.14081756277575908,-0.3062031553647273,-0.14078702947589639,HCS+,206.2704,206.2704,C-H,0,0
0.029863741424994483,0.012580840987529651,0.0330483505273107,0.012785896396558805,HNC,459.824,459.824,N-H,0,0
0.07495819409508497,0.029821125168450813,0.087424547179348,0.029903419784220286,HNC+,517.0,517.0,N-H,0,0
-0.06328971502030845,-0.02521854083485131,-0.07153126541993649,-0.025872980756647124,H2CO,363.5888,363.5888,C-H,1,1
0.0026927516426744624,-0.00634043482160962,0.0009016397322154646,-0.006780608251683251,H2CS,413.0,413.0,C-H,0,0
-0.015282482799356956,0.00808964759509001,0.00040968741036007117,0.008247379081394168,H2NC+,434.32,434.32,N-H,0,0
0.06485094382886158,0.025961577817460668,0.06660731359896532,0.026400649815156996,H3O+,497.8968,497.8968,O-H,1,1
0.03165748695191839,0.01133518192021521,0.0344783915423621,0.011599410058389825,HC2N,460.0,460.0,C-H,0,0
-0.019550824313140147,-0.006307687867220579,-0.014450390875328623,-0.0064024008707130875,HC2O,404.5928,404.5928,C-H,0,1
-0.009058803867280307,-0.0027067063508625644,-0.007834251990483931,-0.002592111368632022,l-C3H,413.0,413.0,C-H,0,0
0.18909220445194164,0.10662210029035935,0.1889433470668731,0.10656189469369437,HCNH+,660.0,660.0,N-H,0,0
-0.15843224755551644,-0.0503453928231532,-0.16009705487560044,-0.0500164637144751,HCNO,292.88,292.88,C-H,0,1
0.18790464674120155,0.04232160641800764,0.1665636023839161,0.04273648589133838,HOCO+,587.0208,708.0434915585399,O-H,1,1
-0.052066176672456166,-0.02323322368633729,-0.05566050360736652,-0.02333720211387824,HDCO,363.5888,363.5888,C-H,1,1
0.03130982822113637,0.015772075275915842,0.03255269424104679,0.016548312595009662,HNCO+,458.56,458.56,N-H,0,1
0.03571097322851058,0.012956346388356632,0.03510109772548686,0.01260117584111864,HNCS,460.24,460.24,N-H,0,0
0.034244943035377506,0.012811375794860247,0.034865676148178704,0.013039956978773137,HOCN,460.24,460.24,O-H,1,1
0.02347278437296385,0.016163290234394445,0.02967709718207967,0.0156686629488334,HOCS+,460.24,460.24,O-H,1,1
0.033030292336113654,0.012896410547394321,0.033939895589783386,0.013220351683863374,HONC,460.24,460.24,O-H,1,1
0.033842257625785965,0.012776687445786639,0.03318337714857078,0.012933288727024372,HONC+,460.24,460.24,O-H,1,1
0.041235893128888534,0.011087319174418298,0.03275988521777018,0.0105207771524376,HSO2+,460.24,460.24,O-H,1,1
-0.054560712627276686,-0.017297459574700635,-0.043064821180956336,-0.017591244438183384,l-C3H2,382.8356,382.8356,C-H,0,0
-0.011212312878808195,-0.009173053480506788,-0.01767169368984911,-0.008939296420230392,H2CSH+,397.48,397.48,C-H,0,0
0.014575097138913584,0.005290928877761392,0.014600521148977919,0.004910305832577677,H2COH+,436.0,436.0,C-H,1,1
0.05483371138610993,0.014789850970744922,0.05652796099031221,0.017873139565168117,HCCNC,484.7,484.7,C-H,0,0
0.08300560090967712,0.03180366198458717,0.08374632610731858,0.032033565070383574,HC3N,518.0,518.0,C-H,0,0
-0.01606582117945088,-0.009089064807880298,-0.022965099999237903,-0.009321092562966538,HC3O,404.5928,404.5928,C-H,0,1
0.15887498497350316,0.08883484628584437,0.1673484031592989,0.08968862332671845,HNCCC,631.79,631.79,N-H,0,0
-0.0007917708252884736,-0.00042470743282674306,0.0031963862911634777,-0.0005692899667795182,HC4N,427.0,427.0,C-H,0,0
0.0218854203891925,0.016043770629834864,0.02472729103747673,0.01591538847245344,HC4N+,460.0,460.0,C-H,0,0
0.12635335463779152,0.05114783718956506,0.1265876100527632,0.0507031600630139,HC7N,569.02,569.02,C-H,0,0
0.1267375664435142,0.05222580528474552,0.1287220591324978,0.051867575533946386,HC9N,574.89,574.89,C-H,0,0
-0.10790988597905882,-0.04663257954450195,-0.10685067281029736,-0.04595573518114726,ND,331.8,331.8,N-H,0,0
-0.09764554406093273,-0.03977423442850503,-0.09913381738649374,-0.03990492239335275,NH,331.8,331.8,N-H,0,0
-0.1130678996110368,-0.05038251508855085,-0.10586859638042867,-0.049334265702972946,NH+,331.8,331.8,N-H,0,0
-0.047092844783083176,-0.012979924250659192,-0.04794323065433259,-0.013622827735502607,N2H,376.56,376.56,N-H,0,0
-0.002273680918915666,0.0001190810061575398,-0.001285727440342832,0.00011474306928782596,NH2,416.304,416.304,N-H,0,0
0.01752844828326383,0.006521127331749366,0.018391961443458005,0.006452803797278417,NH2+,443.0,443.0,N-H,0,0
-0.027701161379279693,-0.008985006662881823,-0.022138778066869147,-0.008806883331409665,NHD,397.0,397.0,N-H,0,0
-0.07363455538731145,-0.014321287467999433,-0.07905877980679099,-0.014727950591318706,N2H2,349.0,349.0,N-H,0,0
0.009363151508567036,0.004244662608479555,0.00953231009322808,0.003945523454241595,NH3,435.0,435.0,N-H,0,0
0.01595857476192908,0.009731033981330572,0.014121067392161901,0.009379910818606785,NH3+,443.93,443.93,N-H,0,0
-0.002186175836552895,0.0004538328731165109,-0.0019677390039296583,0.0005128452381639725,NH2CN,418.0,418.0,N-H,0,0
0.011524960346751545,0.003781369204111318,0.020919571761506273,0.0036151500384811186,NH4+,444.0,444.0,N-H,0,0
-0.026652916155859074,-0.017650067363538025,-0.02941477653142721,-0.017958689344322654,N2H4,391.0,391.0,N-H,0,0
-0.03944778680791172,-0.011559265936191832,-0.032375009663298204,-0.01198531959736071,NH2CDO,395.0,395.0,N-H,0,1
-0.0006962646848083232,-0.003477744142665884,-0.007584875108388456,-0.0034251508223670513,NH2CNH+,409.0,409.0,N-H,0,0
-0.04082789240323148,-0.014483830196053038,-0.03648672713712875,-0.015057626804153124,NH2CHS,390.0,390.0,N-H,0,0
0.06943324618980062,0.024506933234819783,0.07057459927096499,0.0243081996875798,OH,497.8968,497.8968,O-H,1,1
-0.06916475152421775,-0.02832069203819243,-0.06891578904812201,-0.02929207573373871,O2H,362.7528,362.7528,O-H,1,1
-0.023771256845742883,-0.00997770151328048,-0.02556323220356216,-0.010143546847621643,CH3S,397.48,397.48,C-H,0,0
-0.10763611631105752,-0.043771469888167935,-0.10972893451500809,-0.040996855807150734,C6H7,321.7,321.7,C-H,0,0
